scenario,seed,goodput_mbps,capacity_share,ping_p50_ms,ping_p99_ms,ping_max_ms,steady_p50_ms,steady_p99_ms,pings,peak_queue_kb,dropped_queue,dropped_loss,jain,stalled
grid rate=64000 rtt=20ms loss=0,1,0.060,0.945,289.0,777.9,1396.4,289.0,777.9,971,2.2,21297,0,1.000,false
grid rate=64000 rtt=20ms loss=0,2,0.060,0.945,289.0,777.9,1396.4,289.0,777.9,971,2.2,21297,0,1.000,false
grid rate=64000 rtt=20ms loss=0,3,0.060,0.945,289.0,777.9,1396.4,289.0,777.9,971,2.2,21297,0,1.000,false
grid rate=64000 rtt=20ms loss=0,4,0.060,0.945,289.0,777.9,1396.4,289.0,777.9,971,2.2,21297,0,1.000,false
grid rate=64000 rtt=20ms loss=0,5,0.060,0.945,289.0,777.9,1396.4,289.0,777.9,971,2.2,21297,0,1.000,false
grid rate=64000 rtt=20ms loss=0,6,0.060,0.945,289.0,777.9,1396.4,289.0,777.9,971,2.2,21297,0,1.000,false
grid rate=64000 rtt=20ms loss=0,7,0.060,0.945,289.0,777.9,1396.4,289.0,777.9,971,2.2,21297,0,1.000,false
grid rate=64000 rtt=20ms loss=0,8,0.060,0.945,289.0,777.9,1396.4,289.0,777.9,971,2.2,21297,0,1.000,false
grid rate=64000 rtt=20ms loss=0,9,0.060,0.945,289.0,777.9,1396.4,289.0,777.9,971,2.2,21297,0,1.000,false
grid rate=64000 rtt=20ms loss=0,10,0.060,0.945,289.0,777.9,1396.4,289.0,777.9,971,2.2,21297,0,1.000,false
grid rate=64000 rtt=20ms loss=0,11,0.060,0.945,289.0,777.9,1396.4,289.0,777.9,971,2.2,21297,0,1.000,false
grid rate=64000 rtt=20ms loss=0,12,0.060,0.945,289.0,628.2,797.9,289.0,628.2,974,2.2,21749,0,1.000,false
grid rate=64000 rtt=20ms loss=0,13,0.060,0.945,289.0,777.9,1396.4,289.0,777.9,971,2.2,21297,0,1.000,false
grid rate=64000 rtt=20ms loss=0,14,0.060,0.945,289.0,777.9,1396.4,289.0,777.9,971,2.2,21297,0,1.000,false
grid rate=64000 rtt=20ms loss=0,15,0.060,0.945,289.0,777.9,1396.4,289.0,777.9,971,2.2,21297,0,1.000,false
grid rate=64000 rtt=20ms loss=0,16,0.060,0.945,289.0,777.9,1396.4,289.0,777.9,971,2.2,21297,0,1.000,false
grid rate=64000 rtt=20ms loss=0,17,0.060,0.945,289.0,777.9,1396.4,289.0,777.9,971,2.2,21297,0,1.000,false
grid rate=64000 rtt=20ms loss=0,18,0.060,0.945,289.0,777.9,1396.4,289.0,777.9,971,2.2,21297,0,1.000,false
grid rate=64000 rtt=20ms loss=0,19,0.060,0.945,289.0,777.9,1396.4,289.0,777.9,971,2.2,21297,0,1.000,false
grid rate=64000 rtt=20ms loss=0,20,0.060,0.945,289.0,777.9,1396.4,289.0,777.9,971,2.2,21297,0,1.000,false
grid rate=64000 rtt=20ms loss=0.1%,1,0.060,0.943,289.0,773.9,797.9,289.0,773.9,974,2.3,21533,56,1.000,false
grid rate=64000 rtt=20ms loss=0.1%,2,0.060,0.943,289.0,777.9,797.9,289.0,777.9,975,2.2,21434,54,1.000,false
grid rate=64000 rtt=20ms loss=0.1%,3,0.060,0.943,289.0,770.0,797.9,289.0,770.0,974,2.2,21521,56,1.000,false
grid rate=64000 rtt=20ms loss=0.1%,4,0.060,0.942,231.5,630.2,797.9,231.5,630.2,981,2.2,21360,67,1.000,false
grid rate=64000 rtt=20ms loss=0.1%,5,0.060,0.944,289.0,777.9,797.9,289.0,777.9,974,2.3,21452,51,1.000,false
grid rate=64000 rtt=20ms loss=0.1%,6,0.060,0.943,289.0,777.9,1396.4,289.0,777.9,976,2.2,21426,49,1.000,false
grid rate=64000 rtt=20ms loss=0.1%,7,0.060,0.941,205.4,628.2,1396.4,205.4,628.2,986,2.2,20874,57,1.000,false
grid rate=64000 rtt=20ms loss=0.1%,8,0.060,0.944,289.0,628.2,1416.4,289.0,628.2,974,2.2,21588,54,1.000,false
grid rate=64000 rtt=20ms loss=0.1%,9,0.060,0.943,289.0,770.0,1396.4,289.0,770.0,976,2.2,21314,43,1.000,false
grid rate=64000 rtt=20ms loss=0.1%,10,0.060,0.944,291.0,779.9,1398.4,291.0,779.9,973,2.2,21286,47,1.000,false
grid rate=64000 rtt=20ms loss=0.1%,11,0.060,0.943,289.0,777.9,799.9,289.0,777.9,976,2.2,21317,68,1.000,false
grid rate=64000 rtt=20ms loss=0.1%,12,0.060,0.944,289.0,777.9,1396.4,289.0,777.9,974,2.2,21510,54,1.000,false
grid rate=64000 rtt=20ms loss=0.1%,13,0.060,0.942,203.4,632.2,952.5,203.4,632.2,986,2.2,20915,49,1.000,false
grid rate=64000 rtt=20ms loss=0.1%,14,0.060,0.943,291.0,777.9,804.0,291.0,777.9,979,2.2,21294,64,1.000,false
grid rate=64000 rtt=20ms loss=0.1%,15,0.060,0.943,289.0,777.9,801.9,289.0,777.9,976,2.2,21472,52,1.000,false
grid rate=64000 rtt=20ms loss=0.1%,16,0.060,0.943,289.0,628.2,801.9,289.0,628.2,978,2.2,21159,50,1.000,false
grid rate=64000 rtt=20ms loss=0.1%,17,0.060,0.944,289.0,628.2,797.9,289.0,628.2,976,2.2,21855,55,1.000,false
grid rate=64000 rtt=20ms loss=0.1%,18,0.060,0.943,289.0,777.9,797.9,289.0,777.9,975,2.3,21685,64,1.000,false
grid rate=64000 rtt=20ms loss=0.1%,19,0.060,0.943,289.0,628.2,797.9,289.0,628.2,977,2.2,21601,56,1.000,false
grid rate=64000 rtt=20ms loss=0.1%,20,0.060,0.943,291.0,779.9,799.9,291.0,779.9,976,2.2,21213,60,1.000,false
grid rate=64000 rtt=20ms loss=1%,1,0.058,0.910,231.5,773.5,1753.0,231.5,773.5,1017,2.2,23805,549,1.000,false
grid rate=64000 rtt=20ms loss=1%,2,0.058,0.908,245.2,726.2,2009.2,245.2,726.2,1018,2.2,24741,582,1.000,false
grid rate=64000 rtt=20ms loss=1%,3,0.058,0.913,219.4,639.0,1396.3,219.4,639.0,1016,2.2,23166,595,1.000,false
grid rate=64000 rtt=20ms loss=1%,4,0.059,0.919,249.1,2283.2,4871.7,249.1,2283.2,996,2.2,23419,559,1.000,false
grid rate=64000 rtt=20ms loss=1%,5,0.059,0.921,239.2,771.9,915.5,239.2,771.9,1003,2.2,23053,509,1.000,false
grid rate=64000 rtt=20ms loss=1%,6,0.059,0.915,239.5,790.0,1454.4,239.5,790.0,1007,2.2,23643,562,1.000,false
grid rate=64000 rtt=20ms loss=1%,7,0.059,0.928,227.2,797.9,3050.2,227.2,797.9,992,2.2,22730,517,1.000,false
grid rate=64000 rtt=20ms loss=1%,8,0.059,0.919,227.2,761.1,1240.7,227.2,761.1,1008,2.2,22694,573,1.000,false
grid rate=64000 rtt=20ms loss=1%,9,0.059,0.916,243.0,789.9,2781.0,243.0,789.9,1005,2.2,23200,536,1.000,false
grid rate=64000 rtt=20ms loss=1%,10,0.059,0.922,239.2,796.1,4925.8,239.2,796.1,996,2.2,23471,570,1.000,false
grid rate=64000 rtt=20ms loss=1%,11,0.058,0.909,239.2,775.6,1933.2,239.2,775.6,1015,2.2,24375,595,1.000,false
grid rate=64000 rtt=20ms loss=1%,12,0.058,0.912,241.4,665.0,1889.5,241.4,665.0,1013,2.2,24096,558,1.000,false
grid rate=64000 rtt=20ms loss=1%,13,0.058,0.914,247.1,674.2,2284.1,245.4,674.2,1010,2.2,24017,548,1.000,false
grid rate=64000 rtt=20ms loss=1%,14,0.058,0.912,239.4,666.2,1158.9,239.4,666.2,1013,2.2,23735,546,1.000,false
grid rate=64000 rtt=20ms loss=1%,15,0.059,0.914,211.4,721.1,824.0,211.4,721.1,1014,2.2,22717,568,1.000,false
grid rate=64000 rtt=20ms loss=1%,16,0.059,0.917,229.6,770.0,2512.2,229.6,770.0,1008,2.2,23291,519,1.000,false
grid rate=64000 rtt=20ms loss=1%,17,0.058,0.910,251.0,770.0,2022.9,251.0,770.0,1012,2.3,24337,594,1.000,false
grid rate=64000 rtt=20ms loss=1%,18,0.058,0.908,252.9,778.2,1905.2,252.9,778.2,1016,2.3,24290,632,1.000,false
grid rate=64000 rtt=20ms loss=1%,19,0.058,0.909,236.1,687.0,1243.0,236.1,687.0,1017,2.2,23749,578,1.000,false
grid rate=64000 rtt=20ms loss=1%,20,0.058,0.912,233.8,742.5,1400.4,233.8,742.5,1013,2.2,23775,559,1.000,false
grid rate=64000 rtt=20ms loss=5%,1,0.054,0.837,209.8,4591.4,15113.0,209.8,4591.4,1059,2.2,21737,2809,1.000,false
grid rate=64000 rtt=20ms loss=5%,2,0.054,0.839,210.0,4707.4,13979.5,210.0,4707.4,1055,2.2,21997,2795,1.000,false
grid rate=64000 rtt=20ms loss=5%,3,0.054,0.842,211.5,6988.9,15669.0,211.5,6988.9,1029,2.2,21625,2790,1.000,false
grid rate=64000 rtt=20ms loss=5%,4,0.054,0.838,211.5,7008.9,22021.9,211.5,7008.9,1032,2.2,21991,2879,1.000,false
grid rate=64000 rtt=20ms loss=5%,5,0.054,0.844,211.5,5447.5,14303.6,211.5,5447.5,1033,2.2,21983,2693,1.000,false
grid rate=64000 rtt=20ms loss=5%,6,0.054,0.837,209.7,2622.0,15444.5,209.7,2622.0,1071,2.2,22549,2836,1.000,false
grid rate=64000 rtt=20ms loss=5%,7,0.054,0.839,210.1,4659.7,20097.6,210.1,4659.7,1042,2.2,21814,2787,1.000,false
grid rate=64000 rtt=20ms loss=5%,8,0.054,0.839,211.5,5147.7,15493.8,211.5,5147.7,1045,2.2,21621,2710,1.000,false
grid rate=64000 rtt=20ms loss=5%,9,0.053,0.829,205.8,5604.9,15218.4,205.8,5604.9,1063,2.3,22476,2848,1.000,false
grid rate=64000 rtt=20ms loss=5%,10,0.053,0.833,211.5,2876.2,7489.8,211.5,2876.2,1079,2.2,23248,3014,1.000,false
grid rate=64000 rtt=20ms loss=5%,11,0.052,0.819,209.1,6620.1,19871.4,209.1,6620.1,1070,2.2,19640,2856,1.000,false
grid rate=64000 rtt=20ms loss=5%,12,0.054,0.837,209.8,6578.5,28097.0,209.8,6578.5,1039,2.2,21958,2814,1.000,false
grid rate=64000 rtt=20ms loss=5%,13,0.054,0.839,209.8,5200.1,21367.9,209.8,5200.1,1049,2.2,22196,2755,1.000,false
grid rate=64000 rtt=20ms loss=5%,14,0.054,0.840,209.8,3268.1,48116.9,209.8,3268.1,1040,2.2,21814,2757,1.000,false
grid rate=64000 rtt=20ms loss=5%,15,0.054,0.842,211.5,5678.0,34796.6,211.5,5678.0,1015,2.2,21634,2788,1.000,false
grid rate=64000 rtt=20ms loss=5%,16,0.054,0.839,211.5,4832.4,20090.6,211.5,4832.4,1043,2.2,21893,2767,1.000,false
grid rate=64000 rtt=20ms loss=5%,17,0.054,0.837,210.5,2989.3,18945.6,210.5,2989.3,1060,2.2,22005,2805,1.000,false
grid rate=64000 rtt=20ms loss=5%,18,0.054,0.838,211.5,7753.0,19886.2,211.5,7753.0,1025,2.2,21922,2824,1.000,false
grid rate=64000 rtt=20ms loss=5%,19,0.053,0.834,211.5,1919.8,5850.1,211.5,1919.8,1089,2.2,24354,2921,1.000,false
grid rate=64000 rtt=20ms loss=5%,20,0.054,0.846,219.0,6096.9,13091.5,219.0,6096.9,1040,2.2,21900,2788,1.000,false
grid rate=64000 rtt=100ms loss=0,1,0.059,0.929,289.0,360.5,389.7,289.0,360.5,984,2.3,48863,0,1.000,false
grid rate=64000 rtt=100ms loss=0,2,0.059,0.929,289.0,360.5,389.7,289.0,360.5,984,2.3,48863,0,1.000,false
grid rate=64000 rtt=100ms loss=0,3,0.059,0.929,289.0,360.5,389.7,289.0,360.5,984,2.3,48863,0,1.000,false
grid rate=64000 rtt=100ms loss=0,4,0.059,0.929,289.0,360.5,389.7,289.0,360.5,984,2.3,48863,0,1.000,false
grid rate=64000 rtt=100ms loss=0,5,0.059,0.929,289.0,360.5,389.7,289.0,360.5,984,2.3,48863,0,1.000,false
grid rate=64000 rtt=100ms loss=0,6,0.059,0.929,289.0,360.5,389.7,289.0,360.5,984,2.3,48863,0,1.000,false
grid rate=64000 rtt=100ms loss=0,7,0.059,0.929,289.0,360.5,389.7,289.0,360.5,984,2.3,48863,0,1.000,false
grid rate=64000 rtt=100ms loss=0,8,0.059,0.929,289.0,360.5,389.7,289.0,360.5,984,2.3,48863,0,1.000,false
grid rate=64000 rtt=100ms loss=0,9,0.059,0.929,289.0,360.5,389.7,289.0,360.5,984,2.3,48863,0,1.000,false
grid rate=64000 rtt=100ms loss=0,10,0.059,0.929,289.0,360.5,389.7,289.0,360.5,984,2.3,48863,0,1.000,false
grid rate=64000 rtt=100ms loss=0,11,0.059,0.929,289.0,360.5,389.7,289.0,360.5,984,2.3,48863,0,1.000,false
grid rate=64000 rtt=100ms loss=0,12,0.059,0.929,289.0,360.5,389.7,289.0,360.5,984,2.3,48863,0,1.000,false
grid rate=64000 rtt=100ms loss=0,13,0.059,0.929,289.0,360.5,389.7,289.0,360.5,984,2.3,48863,0,1.000,false
grid rate=64000 rtt=100ms loss=0,14,0.059,0.929,289.0,360.5,389.7,289.0,360.5,984,2.3,48863,0,1.000,false
grid rate=64000 rtt=100ms loss=0,15,0.059,0.929,289.0,360.5,389.7,289.0,360.5,984,2.3,48863,0,1.000,false
grid rate=64000 rtt=100ms loss=0,16,0.059,0.929,289.0,360.5,389.7,289.0,360.5,984,2.3,48863,0,1.000,false
grid rate=64000 rtt=100ms loss=0,17,0.059,0.929,289.0,360.5,389.7,289.0,360.5,984,2.3,48863,0,1.000,false
grid rate=64000 rtt=100ms loss=0,18,0.059,0.929,289.0,360.5,389.7,289.0,360.5,984,2.3,48863,0,1.000,false
grid rate=64000 rtt=100ms loss=0,19,0.059,0.929,289.0,360.5,389.7,289.0,360.5,984,2.3,48863,0,1.000,false
grid rate=64000 rtt=100ms loss=0,20,0.059,0.929,289.0,360.5,389.7,289.0,360.5,984,2.3,48863,0,1.000,false
grid rate=64000 rtt=100ms loss=0.1%,1,0.056,0.877,288.6,391.8,789.2,288.6,391.8,1051,2.3,60601,51,1.000,false
grid rate=64000 rtt=100ms loss=0.1%,2,0.056,0.868,249.8,393.8,763.5,249.8,393.8,1064,2.3,41709,52,1.000,false
grid rate=64000 rtt=100ms loss=0.1%,3,0.055,0.864,243.4,391.7,855.5,243.4,391.7,1070,2.3,40424,55,1.000,false
grid rate=64000 rtt=100ms loss=0.1%,4,0.055,0.865,240.3,395.4,852.6,240.3,395.4,1067,2.3,40209,67,1.000,false
grid rate=64000 rtt=100ms loss=0.1%,5,0.055,0.865,246.6,393.8,549.9,246.6,393.8,1067,2.3,40228,48,1.000,false
grid rate=64000 rtt=100ms loss=0.1%,6,0.055,0.858,245.4,395.0,826.2,245.4,395.0,1077,2.2,36393,49,1.000,false
grid rate=64000 rtt=100ms loss=0.1%,7,0.055,0.867,267.9,393.8,776.0,267.9,393.8,1064,2.2,39800,57,1.000,false
grid rate=64000 rtt=100ms loss=0.1%,8,0.055,0.857,241.4,391.7,951.2,241.4,391.7,1079,2.3,36901,54,1.000,false
grid rate=64000 rtt=100ms loss=0.1%,9,0.055,0.854,242.1,391.8,844.6,242.1,391.8,1083,2.2,35552,43,1.000,false
grid rate=64000 rtt=100ms loss=0.1%,10,0.055,0.855,245.4,397.0,808.7,245.4,397.0,1081,2.3,38098,48,1.000,false
grid rate=64000 rtt=100ms loss=0.1%,11,0.055,0.861,245.4,606.2,854.5,245.4,606.2,1073,2.3,39728,67,1.000,false
grid rate=64000 rtt=100ms loss=0.1%,12,0.055,0.852,243.4,396.3,959.8,243.4,396.3,1087,2.2,34291,54,1.000,false
grid rate=64000 rtt=100ms loss=0.1%,13,0.055,0.865,278.3,391.0,861.3,278.3,391.0,1066,2.3,53049,49,1.000,false
grid rate=64000 rtt=100ms loss=0.1%,14,0.056,0.870,252.2,391.0,806.8,252.2,391.0,1062,2.3,40896,64,1.000,false
grid rate=64000 rtt=100ms loss=0.1%,15,0.055,0.867,247.6,397.0,849.6,247.6,397.0,1065,2.2,40822,52,1.000,false
grid rate=64000 rtt=100ms loss=0.1%,16,0.056,0.871,250.0,389.7,711.0,250.0,389.7,1061,2.3,41170,49,1.000,false
grid rate=64000 rtt=100ms loss=0.1%,17,0.055,0.867,245.8,391.0,844.0,245.8,391.0,1066,2.3,40565,55,1.000,false
grid rate=64000 rtt=100ms loss=0.1%,18,0.055,0.857,245.1,391.8,710.9,245.1,391.8,1078,2.2,37484,64,1.000,false
grid rate=64000 rtt=100ms loss=0.1%,19,0.055,0.863,242.1,395.4,705.9,242.1,395.4,1072,2.3,36854,56,1.000,false
grid rate=64000 rtt=100ms loss=0.1%,20,0.055,0.862,243.4,394.5,811.1,243.4,394.5,1072,2.3,40578,59,1.000,false
grid rate=64000 rtt=100ms loss=1%,1,0.056,0.875,237.2,702.2,847.2,237.2,702.2,1057,2.2,65842,508,1.000,false
grid rate=64000 rtt=100ms loss=1%,2,0.056,0.877,215.4,702.6,927.5,215.4,702.6,1055,2.2,66939,538,1.000,false
grid rate=64000 rtt=100ms loss=1%,3,0.053,0.836,231.5,714.2,1262.5,231.5,714.2,1106,2.2,39158,574,1.000,false
grid rate=64000 rtt=100ms loss=1%,4,0.053,0.834,231.5,736.2,1174.9,231.5,736.2,1108,2.2,37721,565,1.000,false
grid rate=64000 rtt=100ms loss=1%,5,0.053,0.835,232.2,701.6,917.5,232.2,701.6,1108,2.2,37230,498,1.000,false
grid rate=64000 rtt=100ms loss=1%,6,0.054,0.843,231.5,750.2,959.0,231.5,750.2,1096,2.2,42270,540,1.000,false
grid rate=64000 rtt=100ms loss=1%,7,0.052,0.808,231.5,761.5,959.3,231.5,761.5,1144,2.2,27393,538,1.000,false
grid rate=64000 rtt=100ms loss=1%,8,0.053,0.824,220.7,713.6,973.0,220.7,713.6,1124,2.2,36304,568,1.000,false
grid rate=64000 rtt=100ms loss=1%,9,0.053,0.832,231.8,807.6,1914.6,231.8,807.6,1110,2.2,34899,528,1.000,false
grid rate=64000 rtt=100ms loss=1%,10,0.053,0.835,232.2,767.7,2180.4,232.2,767.7,1106,2.2,37035,579,1.000,false
grid rate=64000 rtt=100ms loss=1%,11,0.053,0.832,231.5,781.1,1844.5,231.5,781.1,1111,2.2,37571,582,1.000,false
grid rate=64000 rtt=100ms loss=1%,12,0.056,0.877,223.9,704.2,829.9,223.9,704.2,1055,2.2,61986,521,1.000,false
grid rate=64000 rtt=100ms loss=1%,13,0.053,0.830,228.1,725.9,1337.5,227.8,725.9,1115,2.2,34767,528,1.000,false
grid rate=64000 rtt=100ms loss=1%,14,0.054,0.841,217.5,805.0,1015.0,217.5,805.0,1100,2.2,43733,526,1.000,false
grid rate=64000 rtt=100ms loss=1%,15,0.056,0.870,215.5,704.2,853.9,215.5,704.2,1067,2.2,59660,536,1.000,false
grid rate=64000 rtt=100ms loss=1%,16,0.054,0.838,245.4,756.7,883.4,245.4,756.7,1100,2.2,37890,510,1.000,false
grid rate=64000 rtt=100ms loss=1%,17,0.054,0.837,232.2,720.4,951.9,231.8,720.4,1106,2.2,38080,575,1.000,false
grid rate=64000 rtt=100ms loss=1%,18,0.052,0.813,221.8,691.3,1434.8,221.3,691.3,1140,2.2,29814,619,1.000,false
grid rate=64000 rtt=100ms loss=1%,19,0.054,0.848,231.0,712.2,961.9,231.0,712.2,1091,2.3,49258,547,1.000,false
grid rate=64000 rtt=100ms loss=1%,20,0.053,0.834,231.5,753.4,1857.8,231.5,753.4,1108,2.2,37371,540,1.000,false
grid rate=64000 rtt=100ms loss=5%,1,0.051,0.791,231.5,2782.0,8000.3,231.5,2782.0,1119,2.2,59062,2622,1.000,false
grid rate=64000 rtt=100ms loss=5%,2,0.047,0.732,231.5,2270.6,9361.1,231.5,2270.6,1236,2.2,38788,2868,1.000,false
grid rate=64000 rtt=100ms loss=5%,3,0.047,0.730,231.5,2634.1,6469.3,231.5,2634.1,1215,2.2,34040,2826,1.000,false
grid rate=64000 rtt=100ms loss=5%,4,0.049,0.765,231.5,2921.2,9485.6,231.5,2921.2,1154,2.2,50277,2777,1.000,false
grid rate=64000 rtt=100ms loss=5%,5,0.049,0.763,231.5,2622.0,5694.2,231.5,2622.0,1172,2.2,49141,2652,1.000,false
grid rate=64000 rtt=100ms loss=5%,6,0.048,0.754,231.5,2452.3,12103.5,231.5,2452.3,1193,2.2,45884,2794,1.000,false
grid rate=64000 rtt=100ms loss=5%,7,0.046,0.713,231.5,2461.6,7087.8,231.5,2461.6,1266,2.2,29518,2975,1.000,false
grid rate=64000 rtt=100ms loss=5%,8,0.046,0.721,231.5,2773.1,7148.6,231.5,2773.1,1244,2.2,29544,2794,1.000,false
grid rate=64000 rtt=100ms loss=5%,9,0.046,0.724,232.2,2666.5,5062.9,232.2,2666.5,1230,2.2,33743,2846,1.000,false
grid rate=64000 rtt=100ms loss=5%,10,0.046,0.715,232.2,2646.5,6977.6,232.2,2646.5,1253,2.2,33244,3009,1.000,false
grid rate=64000 rtt=100ms loss=5%,11,0.046,0.722,229.8,2872.4,8929.4,229.8,2872.4,1236,2.2,30994,2874,1.000,false
grid rate=64000 rtt=100ms loss=5%,12,0.049,0.769,231.5,2972.6,8758.1,231.5,2972.6,1156,2.2,53712,2713,1.000,false
grid rate=64000 rtt=100ms loss=5%,13,0.046,0.724,231.2,2774.1,7362.0,231.2,2774.1,1227,2.2,33189,2791,1.000,false
grid rate=64000 rtt=100ms loss=5%,14,0.048,0.752,231.5,2622.8,10403.2,231.5,2622.8,1189,2.2,47347,2748,1.000,false
grid rate=64000 rtt=100ms loss=5%,15,0.046,0.718,231.5,2665.9,7275.5,231.5,2665.9,1247,2.2,32002,2902,1.000,false
grid rate=64000 rtt=100ms loss=5%,16,0.047,0.729,232.2,2705.6,9065.5,232.2,2705.6,1219,2.2,31883,2815,1.000,false
grid rate=64000 rtt=100ms loss=5%,17,0.049,0.765,231.5,3013.0,11109.8,231.5,3013.0,1152,2.2,51228,2698,1.000,false
grid rate=64000 rtt=100ms loss=5%,18,0.046,0.724,230.5,2643.3,7535.3,230.5,2643.3,1244,2.2,36038,2955,1.000,false
grid rate=64000 rtt=100ms loss=5%,19,0.049,0.771,231.5,2906.2,12060.7,231.5,2906.2,1150,2.2,52717,2676,1.000,false
grid rate=64000 rtt=100ms loss=5%,20,0.046,0.718,230.5,2627.5,5826.6,230.5,2627.5,1255,2.2,32872,2905,1.000,false
grid rate=64000 rtt=300ms loss=0,1,0.045,0.707,323.4,482.9,482.9,323.4,482.9,1256,2.0,5046,0,1.000,false
grid rate=64000 rtt=300ms loss=0,2,0.045,0.707,323.4,482.9,482.9,323.4,482.9,1256,2.0,5046,0,1.000,false
grid rate=64000 rtt=300ms loss=0,3,0.045,0.707,323.4,482.9,482.9,323.4,482.9,1256,2.0,5046,0,1.000,false
grid rate=64000 rtt=300ms loss=0,4,0.045,0.707,323.4,482.9,482.9,323.4,482.9,1256,2.0,5046,0,1.000,false
grid rate=64000 rtt=300ms loss=0,5,0.045,0.707,323.4,482.9,482.9,323.4,482.9,1256,2.0,5046,0,1.000,false
grid rate=64000 rtt=300ms loss=0,6,0.045,0.707,323.4,482.9,482.9,323.4,482.9,1256,2.0,5046,0,1.000,false
grid rate=64000 rtt=300ms loss=0,7,0.045,0.707,323.4,482.9,482.9,323.4,482.9,1256,2.0,5046,0,1.000,false
grid rate=64000 rtt=300ms loss=0,8,0.045,0.707,323.4,482.9,482.9,323.4,482.9,1256,2.0,5046,0,1.000,false
grid rate=64000 rtt=300ms loss=0,9,0.045,0.707,323.4,482.9,482.9,323.4,482.9,1256,2.0,5046,0,1.000,false
grid rate=64000 rtt=300ms loss=0,10,0.045,0.707,323.4,482.9,482.9,323.4,482.9,1256,2.0,5046,0,1.000,false
grid rate=64000 rtt=300ms loss=0,11,0.045,0.707,323.4,482.9,482.9,323.4,482.9,1256,2.0,5046,0,1.000,false
grid rate=64000 rtt=300ms loss=0,12,0.045,0.707,323.4,482.9,482.9,323.4,482.9,1256,2.0,5046,0,1.000,false
grid rate=64000 rtt=300ms loss=0,13,0.045,0.707,323.4,482.9,482.9,323.4,482.9,1256,2.0,5046,0,1.000,false
grid rate=64000 rtt=300ms loss=0,14,0.045,0.707,323.4,482.9,482.9,323.4,482.9,1256,2.0,5046,0,1.000,false
grid rate=64000 rtt=300ms loss=0,15,0.045,0.707,323.4,482.9,482.9,323.4,482.9,1256,2.0,5046,0,1.000,false
grid rate=64000 rtt=300ms loss=0,16,0.045,0.707,323.4,482.9,482.9,323.4,482.9,1256,2.0,5046,0,1.000,false
grid rate=64000 rtt=300ms loss=0,17,0.045,0.707,323.4,482.9,482.9,323.4,482.9,1256,2.0,5046,0,1.000,false
grid rate=64000 rtt=300ms loss=0,18,0.045,0.707,323.4,482.9,482.9,323.4,482.9,1256,2.0,5046,0,1.000,false
grid rate=64000 rtt=300ms loss=0,19,0.045,0.707,323.4,482.9,482.9,323.4,482.9,1256,2.0,5046,0,1.000,false
grid rate=64000 rtt=300ms loss=0,20,0.045,0.707,323.4,482.9,482.9,323.4,482.9,1256,2.0,5046,0,1.000,false
grid rate=64000 rtt=300ms loss=0.1%,1,0.058,0.908,590.2,600.1,1505.9,590.2,600.1,928,2.2,18706,49,1.000,false
grid rate=64000 rtt=300ms loss=0.1%,2,0.056,0.882,590.2,1050.5,3453.2,590.2,1050.5,960,2.2,17331,50,1.000,false
grid rate=64000 rtt=300ms loss=0.1%,3,0.058,0.903,592.2,1349.0,3447.8,592.2,1349.0,931,2.2,18652,49,1.000,false
grid rate=64000 rtt=300ms loss=0.1%,4,0.057,0.896,588.2,1209.2,2253.6,588.2,1209.2,939,2.3,18194,65,1.000,false
grid rate=64000 rtt=300ms loss=0.1%,5,0.059,0.915,590.2,1198.6,3444.5,590.2,1198.6,916,2.2,18262,47,1.000,false
grid rate=64000 rtt=300ms loss=0.1%,6,0.059,0.928,593.0,1053.9,1353.0,593.0,1054.1,902,2.2,18841,46,1.000,false
grid rate=64000 rtt=300ms loss=0.1%,7,0.055,0.856,493.4,600.1,2089.1,493.7,600.1,999,2.3,16322,56,1.000,false
grid rate=64000 rtt=300ms loss=0.1%,8,0.060,0.937,591.0,1199.4,1361.8,591.0,1199.4,889,2.2,19171,47,1.000,false
grid rate=64000 rtt=300ms loss=0.1%,9,0.054,0.845,485.2,1353.7,3146.3,485.2,1353.7,1011,2.2,15804,42,1.000,false
grid rate=64000 rtt=300ms loss=0.1%,10,0.056,0.871,582.6,1204.1,2701.3,583.4,1204.1,975,2.2,16500,47,1.000,false
grid rate=64000 rtt=300ms loss=0.1%,11,0.055,0.861,546.6,598.4,2249.1,546.6,598.4,991,2.3,16792,66,1.000,false
grid rate=64000 rtt=300ms loss=0.1%,12,0.057,0.891,583.4,598.4,1505.3,583.4,598.4,953,2.3,18081,50,1.000,false
grid rate=64000 rtt=300ms loss=0.1%,13,0.057,0.894,589.0,1202.6,1502.0,589.0,1202.6,946,2.2,18028,44,1.000,false
grid rate=64000 rtt=300ms loss=0.1%,14,0.059,0.915,591.0,1202.6,1803.5,591.0,1202.6,915,2.3,18539,61,1.000,false
grid rate=64000 rtt=300ms loss=0.1%,15,0.057,0.885,582.6,1202.8,8400.3,582.6,1202.8,954,2.2,17844,49,1.000,false
grid rate=64000 rtt=300ms loss=0.1%,16,0.056,0.868,591.0,1202.6,1356.6,591.0,1202.6,979,2.2,15954,48,1.000,false
grid rate=64000 rtt=300ms loss=0.1%,17,0.059,0.914,590.2,1199.4,1664.2,590.2,1199.4,917,2.2,18186,51,1.000,false
grid rate=64000 rtt=300ms loss=0.1%,18,0.060,0.932,591.0,1203.4,1951.5,591.0,1203.4,894,2.3,19028,60,1.000,false
grid rate=64000 rtt=300ms loss=0.1%,19,0.056,0.875,569.4,598.4,2250.3,569.4,598.4,974,2.3,17490,55,1.000,false
grid rate=64000 rtt=300ms loss=0.1%,20,0.058,0.904,590.2,1053.0,1794.9,590.2,1053.0,931,2.3,17757,57,1.000,false
grid rate=64000 rtt=300ms loss=1%,1,0.054,0.845,488.9,1377.5,2407.5,488.9,1377.5,1003,2.3,18023,494,1.000,false
grid rate=64000 rtt=300ms loss=1%,2,0.059,0.920,590.2,2107.2,4201.0,590.2,2107.2,867,2.3,20658,508,1.000,false
grid rate=64000 rtt=300ms loss=1%,3,0.057,0.888,474.1,1359.9,3604.5,474.1,1359.9,949,2.2,20093,527,1.000,false
grid rate=64000 rtt=300ms loss=1%,4,0.054,0.848,497.8,1556.9,6894.6,497.9,1556.9,986,2.3,17907,538,1.000,false
grid rate=64000 rtt=300ms loss=1%,5,0.054,0.850,485.9,1361.0,4354.5,485.9,1361.0,992,2.3,18430,473,1.000,false
grid rate=64000 rtt=300ms loss=1%,6,0.059,0.921,593.0,1948.4,13171.0,593.0,1948.4,868,2.2,20502,489,1.000,false
grid rate=64000 rtt=300ms loss=1%,7,0.056,0.867,482.1,1476.2,5843.1,482.1,1476.2,975,2.2,18880,493,1.000,false
grid rate=64000 rtt=300ms loss=1%,8,0.054,0.841,485.0,1362.8,2400.0,485.1,1362.8,994,2.2,17922,541,1.000,false
grid rate=64000 rtt=300ms loss=1%,9,0.054,0.845,483.9,1360.6,2854.4,483.9,1360.6,1005,2.2,18089,507,1.000,false
grid rate=64000 rtt=300ms loss=1%,10,0.054,0.846,493.4,1779.6,5098.6,493.6,1779.6,991,2.2,18696,546,1.000,false
grid rate=64000 rtt=300ms loss=1%,11,0.058,0.905,480.1,1971.6,2856.1,480.1,1971.6,906,2.2,20922,526,1.000,false
grid rate=64000 rtt=300ms loss=1%,12,0.057,0.890,487.2,2108.5,4802.9,488.0,2108.5,909,2.2,20029,492,1.000,false
grid rate=64000 rtt=300ms loss=1%,13,0.054,0.851,478.3,1954.4,2901.2,478.6,1954.4,981,2.2,17721,486,1.000,false
grid rate=64000 rtt=300ms loss=1%,14,0.058,0.903,492.1,2107.5,41612.2,492.1,2107.5,883,2.2,20903,487,1.000,false
grid rate=64000 rtt=300ms loss=1%,15,0.056,0.869,477.6,1359.1,3444.9,478.1,1359.1,973,2.2,19282,508,1.000,false
grid rate=64000 rtt=300ms loss=1%,16,0.055,0.862,486.1,1699.9,4352.4,486.1,1699.9,971,2.2,18867,489,1.000,false
grid rate=64000 rtt=300ms loss=1%,17,0.054,0.849,507.1,1802.2,2562.9,507.1,1802.2,988,2.3,17995,538,1.000,false
grid rate=64000 rtt=300ms loss=1%,18,0.058,0.907,479.4,1355.4,3893.4,479.4,1355.4,930,2.2,20934,547,1.000,false
grid rate=64000 rtt=300ms loss=1%,19,0.054,0.836,474.9,1361.4,2701.2,474.9,1361.4,1017,2.2,17492,530,1.000,false
grid rate=64000 rtt=300ms loss=1%,20,0.054,0.851,484.7,1501.0,2262.6,484.8,1501.0,990,2.2,18502,512,1.000,false
grid rate=64000 rtt=300ms loss=5%,1,0.052,0.816,570.9,1955.4,3779.6,570.9,1955.4,1014,2.2,23168,2610,1.000,false
grid rate=64000 rtt=300ms loss=5%,2,0.052,0.805,570.1,1843.2,3997.2,570.1,1843.2,1029,2.2,22620,2624,1.000,false
grid rate=64000 rtt=300ms loss=5%,3,0.051,0.793,570.1,2111.0,7753.4,570.1,2111.0,1037,2.2,22418,2630,1.000,false
grid rate=64000 rtt=300ms loss=5%,4,0.053,0.821,570.9,2249.4,15538.4,570.9,2249.4,999,2.2,24208,2665,1.000,false
grid rate=64000 rtt=300ms loss=5%,5,0.049,0.763,568.6,2119.8,2971.3,568.6,2119.8,1090,2.2,20803,2603,1.000,false
grid rate=64000 rtt=300ms loss=5%,6,0.048,0.753,551.2,1986.9,7581.1,551.5,1994.5,1101,2.2,20360,2710,1.000,false
grid rate=64000 rtt=300ms loss=5%,7,0.048,0.751,538.5,1914.4,2259.9,538.5,1914.4,1115,2.2,20350,2730,1.000,false
grid rate=64000 rtt=300ms loss=5%,8,0.048,0.750,537.8,2528.2,5198.8,537.8,2528.2,1106,2.2,19773,2656,1.000,false
grid rate=64000 rtt=300ms loss=5%,9,0.048,0.748,559.0,2309.1,4948.1,559.2,2309.1,1106,2.2,19761,2739,1.000,false
grid rate=64000 rtt=300ms loss=5%,10,0.049,0.767,568.6,2482.6,6694.4,568.9,2482.6,1076,2.2,21315,2790,1.000,false
grid rate=64000 rtt=300ms loss=5%,11,0.048,0.744,550.9,2016.4,11694.1,550.9,2016.4,1116,2.2,19730,2756,1.000,false
grid rate=64000 rtt=300ms loss=5%,12,0.049,0.761,537.7,2277.1,12676.5,538.0,2277.1,1090,2.2,19718,2724,1.000,false
grid rate=64000 rtt=300ms loss=5%,13,0.048,0.757,542.2,1950.6,4196.5,542.4,2026.2,1101,2.2,20576,2666,1.000,false
grid rate=64000 rtt=300ms loss=5%,14,0.048,0.754,544.5,2439.9,4788.6,544.9,2439.9,1097,2.2,19998,2700,1.000,false
grid rate=64000 rtt=300ms loss=5%,15,0.052,0.819,570.1,1945.5,15277.3,570.1,1945.5,1004,2.2,23474,2595,1.000,false
grid rate=64000 rtt=300ms loss=5%,16,0.049,0.766,560.4,2726.2,6979.8,561.4,2726.2,1078,2.2,20412,2681,1.000,false
grid rate=64000 rtt=300ms loss=5%,17,0.048,0.745,515.8,2092.3,5238.6,515.8,2092.3,1117,2.2,20043,2759,1.000,false
grid rate=64000 rtt=300ms loss=5%,18,0.052,0.816,570.1,2045.0,6704.5,570.1,2045.0,1012,2.2,23220,2651,1.000,false
grid rate=64000 rtt=300ms loss=5%,19,0.048,0.747,516.7,2088.1,3215.5,516.9,2088.1,1120,2.2,20104,2716,1.000,false
grid rate=64000 rtt=300ms loss=5%,20,0.053,0.830,570.1,2009.9,3705.9,570.1,2009.9,993,2.2,24173,2570,1.000,false
grid rate=1000000 rtt=20ms loss=0,1,0.672,0.672,20.9,33.0,33.0,20.9,33.0,1357,2.2,4763,0,1.000,false
grid rate=1000000 rtt=20ms loss=0,2,0.672,0.672,20.9,33.0,33.0,20.9,33.0,1357,2.2,4763,0,1.000,false
grid rate=1000000 rtt=20ms loss=0,3,0.672,0.672,20.9,33.0,33.0,20.9,33.0,1357,2.2,4763,0,1.000,false
grid rate=1000000 rtt=20ms loss=0,4,0.672,0.672,20.9,33.0,33.0,20.9,33.0,1357,2.2,4763,0,1.000,false
grid rate=1000000 rtt=20ms loss=0,5,0.672,0.672,20.9,33.0,33.0,20.9,33.0,1357,2.2,4763,0,1.000,false
grid rate=1000000 rtt=20ms loss=0,6,0.672,0.672,20.9,33.0,33.0,20.9,33.0,1357,2.2,4763,0,1.000,false
grid rate=1000000 rtt=20ms loss=0,7,0.672,0.672,20.9,33.0,33.0,20.9,33.0,1357,2.2,4763,0,1.000,false
grid rate=1000000 rtt=20ms loss=0,8,0.672,0.672,20.9,33.0,33.0,20.9,33.0,1357,2.2,4763,0,1.000,false
grid rate=1000000 rtt=20ms loss=0,9,0.672,0.672,20.9,33.0,33.0,20.9,33.0,1357,2.2,4763,0,1.000,false
grid rate=1000000 rtt=20ms loss=0,10,0.672,0.672,20.9,33.0,33.0,20.9,33.0,1357,2.2,4763,0,1.000,false
grid rate=1000000 rtt=20ms loss=0,11,0.672,0.672,20.9,33.0,33.0,20.9,33.0,1357,2.2,4763,0,1.000,false
grid rate=1000000 rtt=20ms loss=0,12,0.672,0.672,20.9,33.0,33.4,20.9,33.0,1357,2.2,4762,0,1.000,false
grid rate=1000000 rtt=20ms loss=0,13,0.672,0.672,20.9,33.0,33.0,20.9,33.0,1357,2.2,4763,0,1.000,false
grid rate=1000000 rtt=20ms loss=0,14,0.672,0.672,20.9,33.0,33.0,20.9,33.0,1357,2.2,4763,0,1.000,false
grid rate=1000000 rtt=20ms loss=0,15,0.672,0.672,20.9,33.0,33.0,20.9,33.0,1357,2.2,4763,0,1.000,false
grid rate=1000000 rtt=20ms loss=0,16,0.672,0.672,20.9,33.0,33.0,20.9,33.0,1357,2.2,4763,0,1.000,false
grid rate=1000000 rtt=20ms loss=0,17,0.672,0.672,20.9,33.0,33.0,20.9,33.0,1357,2.2,4763,0,1.000,false
grid rate=1000000 rtt=20ms loss=0,18,0.672,0.672,20.9,33.0,33.0,20.9,33.0,1357,2.2,4763,0,1.000,false
grid rate=1000000 rtt=20ms loss=0,19,0.672,0.672,20.9,33.0,33.4,20.9,33.0,1357,2.2,4762,0,1.000,false
grid rate=1000000 rtt=20ms loss=0,20,0.672,0.672,20.9,33.0,33.0,20.9,33.0,1357,2.2,4763,0,1.000,false
grid rate=1000000 rtt=20ms loss=0.1%,1,0.823,0.823,30.1,39.7,149.9,30.1,39.7,1079,2.3,9128,60,1.000,false
grid rate=1000000 rtt=20ms loss=0.1%,2,0.876,0.876,30.1,39.7,88.8,30.1,39.7,1006,2.3,9074,52,1.000,false
grid rate=1000000 rtt=20ms loss=0.1%,3,0.827,0.827,30.1,39.7,89.2,30.1,39.7,1072,2.3,9242,57,1.000,false
grid rate=1000000 rtt=20ms loss=0.1%,4,0.889,0.889,30.7,39.7,85.8,30.9,39.7,990,2.3,10354,67,1.000,false
grid rate=1000000 rtt=20ms loss=0.1%,5,0.899,0.899,30.9,39.7,88.4,30.9,39.7,975,2.3,10787,48,1.000,false
grid rate=1000000 rtt=20ms loss=0.1%,6,0.868,0.868,30.1,39.7,88.1,30.1,39.7,1015,2.3,9487,49,1.000,false
grid rate=1000000 rtt=20ms loss=0.1%,7,0.842,0.842,30.1,39.7,39.9,30.1,39.7,1052,2.3,9067,57,1.000,false
grid rate=1000000 rtt=20ms loss=0.1%,8,0.856,0.856,30.1,39.7,39.9,30.1,39.7,1032,2.3,10528,54,1.000,false
grid rate=1000000 rtt=20ms loss=0.1%,9,0.912,0.912,30.6,39.7,78.0,30.7,39.7,962,2.3,9603,42,1.000,false
grid rate=1000000 rtt=20ms loss=0.1%,10,0.867,0.867,30.2,39.7,69.7,30.2,39.7,1018,2.3,9999,47,1.000,false
grid rate=1000000 rtt=20ms loss=0.1%,11,0.882,0.882,30.3,39.7,90.4,30.4,39.7,999,2.3,8965,67,1.000,false
grid rate=1000000 rtt=20ms loss=0.1%,12,0.870,0.870,30.4,39.7,94.8,30.6,39.7,1012,2.3,9888,53,1.000,false
grid rate=1000000 rtt=20ms loss=0.1%,13,0.872,0.872,30.1,39.7,88.1,30.1,39.7,1011,2.3,10254,49,1.000,false
grid rate=1000000 rtt=20ms loss=0.1%,14,0.890,0.890,30.9,39.7,39.7,30.9,39.7,988,2.3,9760,64,1.000,false
grid rate=1000000 rtt=20ms loss=0.1%,15,0.898,0.898,30.6,39.7,87.3,30.6,39.7,978,2.3,10585,51,1.000,false
grid rate=1000000 rtt=20ms loss=0.1%,16,0.897,0.897,38.0,39.7,87.5,38.0,39.7,967,2.3,15671,49,1.000,false
grid rate=1000000 rtt=20ms loss=0.1%,17,0.881,0.881,30.1,39.7,91.2,30.1,39.7,1000,2.3,9630,55,1.000,false
grid rate=1000000 rtt=20ms loss=0.1%,18,0.873,0.873,30.7,39.9,97.5,30.7,39.9,1008,2.3,11252,62,1.000,false
grid rate=1000000 rtt=20ms loss=0.1%,19,0.879,0.879,30.7,39.7,87.6,30.7,39.7,1000,2.3,10493,55,1.000,false
grid rate=1000000 rtt=20ms loss=0.1%,20,0.892,0.892,30.6,39.7,84.5,30.6,39.7,985,2.3,9874,59,1.000,false
grid rate=1000000 rtt=20ms loss=1%,1,0.875,0.875,31.6,96.7,914.1,31.8,96.7,986,2.3,10217,499,1.000,false
grid rate=1000000 rtt=20ms loss=1%,2,0.875,0.875,31.0,90.3,349.9,31.1,89.3,994,2.3,10825,535,1.000,false
grid rate=1000000 rtt=20ms loss=1%,3,0.799,0.799,30.9,84.3,351.2,30.9,84.3,1102,2.3,10959,579,1.000,false
grid rate=1000000 rtt=20ms loss=1%,4,0.839,0.839,31.3,117.6,386.1,31.7,117.6,1037,2.3,10358,558,1.000,false
grid rate=1000000 rtt=20ms loss=1%,5,0.885,0.885,31.6,88.5,387.8,31.7,88.5,981,2.3,10576,474,1.000,false
grid rate=1000000 rtt=20ms loss=1%,6,0.855,0.855,31.3,87.6,1571.6,31.7,90.1,1012,2.3,10837,521,1.000,false
grid rate=1000000 rtt=20ms loss=1%,7,0.875,0.875,31.0,84.6,372.4,31.0,79.5,997,2.3,10552,506,1.000,false
grid rate=1000000 rtt=20ms loss=1%,8,0.886,0.886,30.5,78.3,156.4,30.7,78.3,992,2.3,10195,544,1.000,false
grid rate=1000000 rtt=20ms loss=1%,9,0.888,0.888,30.9,88.5,350.0,30.9,88.5,985,2.3,9974,507,1.000,false
grid rate=1000000 rtt=20ms loss=1%,10,0.840,0.840,30.9,79.5,330.1,30.9,79.5,1046,2.3,10627,565,1.000,false
grid rate=1000000 rtt=20ms loss=1%,11,0.892,0.892,31.0,128.8,993.1,31.0,128.8,970,2.3,9972,547,1.000,false
grid rate=1000000 rtt=20ms loss=1%,12,0.837,0.837,31.3,81.0,364.1,31.8,81.0,1046,2.3,10411,529,1.000,false
grid rate=1000000 rtt=20ms loss=1%,13,0.856,0.856,31.8,92.7,342.2,31.8,98.8,1015,2.3,10885,503,1.000,false
grid rate=1000000 rtt=20ms loss=1%,14,0.882,0.882,31.0,87.6,400.4,31.0,87.6,987,2.3,10590,501,1.000,false
grid rate=1000000 rtt=20ms loss=1%,15,0.832,0.832,31.0,83.5,361.3,31.0,83.5,1053,2.3,10822,545,1.000,false
grid rate=1000000 rtt=20ms loss=1%,16,0.810,0.810,30.9,152.9,369.6,31.0,152.9,1079,2.3,10285,511,1.000,false
grid rate=1000000 rtt=20ms loss=1%,17,0.859,0.859,31.8,88.6,359.0,31.8,88.6,1013,2.3,10617,556,1.000,false
grid rate=1000000 rtt=20ms loss=1%,18,0.886,0.886,31.0,83.1,368.6,31.0,83.1,987,2.3,10895,578,1.000,false
grid rate=1000000 rtt=20ms loss=1%,19,0.874,0.874,31.2,86.8,362.4,31.3,86.8,999,2.3,10445,530,1.000,false
grid rate=1000000 rtt=20ms loss=1%,20,0.851,0.851,31.0,91.7,344.9,31.0,92.0,1021,2.3,10556,526,1.000,false
grid rate=1000000 rtt=20ms loss=5%,1,0.845,0.845,34.9,1562.3,10410.6,35.1,1562.3,847,2.3,19618,2594,1.000,false
grid rate=1000000 rtt=20ms loss=5%,2,0.786,0.786,30.8,357.0,2196.4,30.8,357.0,1048,2.3,12426,2714,1.000,false
grid rate=1000000 rtt=20ms loss=5%,3,0.781,0.781,30.8,789.6,6227.5,30.8,789.6,978,2.3,12118,2706,1.000,false
grid rate=1000000 rtt=20ms loss=5%,4,0.805,0.805,31.0,439.2,3021.5,31.0,439.2,981,2.3,12113,2752,1.000,false
grid rate=1000000 rtt=20ms loss=5%,5,0.772,0.772,30.8,790.4,5090.5,30.8,809.6,1010,2.3,12207,2647,1.000,false
grid rate=1000000 rtt=20ms loss=5%,6,0.811,0.811,30.9,966.2,5964.7,30.9,1048.2,905,2.3,11819,2646,1.000,false
grid rate=1000000 rtt=20ms loss=5%,7,0.734,0.734,30.1,945.3,4759.5,30.4,945.3,1087,2.3,11842,2799,1.000,false
grid rate=1000000 rtt=20ms loss=5%,8,0.807,0.807,30.9,371.8,3462.6,30.9,374.8,1001,2.3,11674,2620,1.000,false
grid rate=1000000 rtt=20ms loss=5%,9,0.758,0.758,30.7,982.0,3708.1,30.7,982.0,1024,2.3,11956,2770,1.000,false
grid rate=1000000 rtt=20ms loss=5%,10,0.810,0.810,31.0,471.9,6229.3,31.0,471.9,964,2.3,12274,2774,1.000,false
grid rate=1000000 rtt=20ms loss=5%,11,0.797,0.797,30.9,761.4,7566.5,30.9,761.4,930,2.3,12120,2689,1.000,false
grid rate=1000000 rtt=20ms loss=5%,12,0.793,0.793,30.9,389.9,4182.3,30.9,389.9,991,2.3,12110,2712,1.000,false
grid rate=1000000 rtt=20ms loss=5%,13,0.791,0.791,30.9,405.0,6892.9,30.9,405.0,973,2.3,11816,2638,1.000,false
grid rate=1000000 rtt=20ms loss=5%,14,0.715,0.715,30.1,933.2,4306.3,30.1,933.2,1080,2.3,11700,2798,1.000,false
grid rate=1000000 rtt=20ms loss=5%,15,0.805,0.805,30.9,889.6,4906.4,30.9,889.6,962,2.3,11752,2689,1.000,false
grid rate=1000000 rtt=20ms loss=5%,16,0.764,0.764,30.8,1031.6,4885.5,30.8,1031.6,984,2.3,12234,2721,1.000,false
grid rate=1000000 rtt=20ms loss=5%,17,0.744,0.744,30.3,935.3,3317.9,30.6,935.3,1060,2.3,12176,2801,1.000,false
grid rate=1000000 rtt=20ms loss=5%,18,0.807,0.807,30.9,492.7,2759.7,30.9,477.7,994,2.3,12108,2706,1.000,false
grid rate=1000000 rtt=20ms loss=5%,19,0.801,0.801,30.9,434.1,4183.6,30.9,434.1,985,2.3,12217,2676,1.000,false
grid rate=1000000 rtt=20ms loss=5%,20,0.815,0.815,30.9,832.1,3541.1,31.0,832.1,976,2.3,12010,2657,1.000,false
grid rate=1000000 rtt=100ms loss=0,1,0.948,0.948,133.4,143.0,190.9,133.4,133.4,640,11.2,95,0,1.000,false
grid rate=1000000 rtt=100ms loss=0,2,0.948,0.948,133.4,143.0,190.9,133.4,133.4,640,11.2,95,0,1.000,false
grid rate=1000000 rtt=100ms loss=0,3,0.948,0.948,133.4,143.0,190.9,133.4,133.4,640,11.2,95,0,1.000,false
grid rate=1000000 rtt=100ms loss=0,4,0.948,0.948,133.4,143.0,190.9,133.4,133.4,640,11.2,95,0,1.000,false
grid rate=1000000 rtt=100ms loss=0,5,0.948,0.948,133.4,143.0,190.9,133.4,133.4,640,11.2,95,0,1.000,false
grid rate=1000000 rtt=100ms loss=0,6,0.948,0.948,133.4,143.0,190.9,133.4,133.4,640,11.2,95,0,1.000,false
grid rate=1000000 rtt=100ms loss=0,7,0.948,0.948,133.4,143.0,190.9,133.4,133.4,640,11.2,95,0,1.000,false
grid rate=1000000 rtt=100ms loss=0,8,0.948,0.948,133.4,143.0,190.9,133.4,133.4,640,11.2,95,0,1.000,false
grid rate=1000000 rtt=100ms loss=0,9,0.948,0.948,133.4,143.0,190.9,133.4,133.4,640,11.2,95,0,1.000,false
grid rate=1000000 rtt=100ms loss=0,10,0.948,0.948,133.4,143.0,190.9,133.4,133.4,640,11.2,95,0,1.000,false
grid rate=1000000 rtt=100ms loss=0,11,0.948,0.948,133.4,143.0,190.9,133.4,133.4,640,11.2,95,0,1.000,false
grid rate=1000000 rtt=100ms loss=0,12,0.948,0.948,133.4,143.0,190.9,133.4,133.4,640,11.2,95,0,1.000,false
grid rate=1000000 rtt=100ms loss=0,13,0.948,0.948,133.4,143.0,190.9,133.4,133.4,640,11.2,95,0,1.000,false
grid rate=1000000 rtt=100ms loss=0,14,0.948,0.948,133.4,143.0,190.9,133.4,133.4,640,11.2,95,0,1.000,false
grid rate=1000000 rtt=100ms loss=0,15,0.948,0.948,133.4,143.0,190.9,133.4,133.4,640,11.2,95,0,1.000,false
grid rate=1000000 rtt=100ms loss=0,16,0.948,0.948,133.4,143.0,190.9,133.4,133.4,640,11.2,95,0,1.000,false
grid rate=1000000 rtt=100ms loss=0,17,0.948,0.948,133.4,143.0,190.9,133.4,133.4,640,11.2,95,0,1.000,false
grid rate=1000000 rtt=100ms loss=0,18,0.948,0.948,133.4,143.0,190.9,133.4,133.4,640,11.2,95,0,1.000,false
grid rate=1000000 rtt=100ms loss=0,19,0.948,0.948,133.4,143.0,190.9,133.4,133.4,640,11.2,95,0,1.000,false
grid rate=1000000 rtt=100ms loss=0,20,0.948,0.948,133.4,143.0,190.9,133.4,133.4,640,11.2,95,0,1.000,false
grid rate=1000000 rtt=100ms loss=0.1%,1,0.947,0.947,133.4,191.4,325.6,133.4,191.4,636,11.2,114,47,1.000,false
grid rate=1000000 rtt=100ms loss=0.1%,2,0.948,0.948,133.4,191.0,308.2,133.4,191.0,634,11.2,113,41,1.000,false
grid rate=1000000 rtt=100ms loss=0.1%,3,0.947,0.947,133.4,181.4,326.1,133.4,162.3,638,11.2,98,45,1.000,false
grid rate=1000000 rtt=100ms loss=0.1%,4,0.947,0.947,133.4,181.3,309.3,133.4,171.7,637,11.2,108,65,1.000,false
grid rate=1000000 rtt=100ms loss=0.1%,5,0.948,0.948,133.4,191.0,325.4,133.4,191.0,631,11.2,135,46,1.000,false
grid rate=1000000 rtt=100ms loss=0.1%,6,0.947,0.947,133.4,190.9,317.9,133.4,181.3,636,11.2,108,40,1.000,false
grid rate=1000000 rtt=100ms loss=0.1%,7,0.948,0.948,133.4,182.6,326.2,133.4,180.3,635,11.2,107,46,1.000,false
grid rate=1000000 rtt=100ms loss=0.1%,8,0.948,0.948,133.4,190.9,190.9,133.4,181.3,635,11.2,125,51,1.000,false
grid rate=1000000 rtt=100ms loss=0.1%,9,0.947,0.947,133.4,163.9,317.6,127.6,152.7,638,11.2,95,35,1.000,false
grid rate=1000000 rtt=100ms loss=0.1%,10,0.948,0.948,133.5,181.4,330.2,133.5,152.8,637,11.2,100,38,1.000,false
grid rate=1000000 rtt=100ms loss=0.1%,11,0.952,0.952,143.0,190.9,190.9,143.0,190.9,601,11.2,362,70,1.000,false
grid rate=1000000 rtt=100ms loss=0.1%,12,0.947,0.947,133.4,181.5,330.0,133.4,162.4,638,11.2,98,47,1.000,false
grid rate=1000000 rtt=100ms loss=0.1%,13,0.948,0.948,133.4,181.3,325.4,133.4,172.5,636,11.2,91,41,1.000,false
grid rate=1000000 rtt=100ms loss=0.1%,14,0.948,0.948,133.4,191.2,326.2,133.4,191.2,629,11.2,132,56,1.000,false
grid rate=1000000 rtt=100ms loss=0.1%,15,0.948,0.948,133.4,182.6,268.5,133.4,162.3,637,11.2,101,42,1.000,false
grid rate=1000000 rtt=100ms loss=0.1%,16,0.948,0.948,133.5,190.9,327.2,133.5,181.5,633,11.2,119,48,1.000,false
grid rate=1000000 rtt=100ms loss=0.1%,17,0.947,0.947,133.4,190.9,347.8,133.4,181.4,636,11.2,110,53,1.000,false
grid rate=1000000 rtt=100ms loss=0.1%,18,0.948,0.948,133.4,190.9,320.0,133.4,190.9,633,11.2,52,62,1.000,false
grid rate=1000000 rtt=100ms loss=0.1%,19,0.948,0.948,133.4,182.6,329.7,133.4,172.0,635,11.2,109,45,1.000,false
grid rate=1000000 rtt=100ms loss=0.1%,20,0.948,0.948,133.4,189.6,363.6,133.4,181.3,635,11.2,111,59,1.000,false
grid rate=1000000 rtt=100ms loss=1%,1,0.937,0.937,134.3,326.6,427.3,134.3,326.6,622,11.2,78,551,1.000,false
grid rate=1000000 rtt=100ms loss=1%,2,0.937,0.937,134.3,384.4,423.6,134.3,384.4,613,11.2,215,602,1.000,false
grid rate=1000000 rtt=100ms loss=1%,3,0.938,0.938,134.0,325.0,488.9,134.0,308.4,620,11.7,159,615,1.000,false
grid rate=1000000 rtt=100ms loss=1%,4,0.939,0.939,133.9,336.6,456.5,133.9,336.0,617,11.9,205,612,1.000,false
grid rate=1000000 rtt=100ms loss=1%,5,0.940,0.940,133.8,191.6,422.4,133.8,191.6,622,11.2,189,539,1.000,false
grid rate=1000000 rtt=100ms loss=1%,6,0.938,0.938,134.3,324.3,364.4,134.4,324.3,620,11.2,85,572,1.000,false
grid rate=1000000 rtt=100ms loss=1%,7,0.939,0.939,134.8,348.7,700.5,134.8,356.1,615,11.8,201,568,1.000,false
grid rate=1000000 rtt=100ms loss=1%,8,0.939,0.939,137.3,377.6,806.3,137.1,384.8,605,11.2,262,596,1.000,false
grid rate=1000000 rtt=100ms loss=1%,9,0.940,0.940,143.2,192.0,356.5,143.2,192.1,611,11.2,244,554,1.000,false
grid rate=1000000 rtt=100ms loss=1%,10,0.938,0.938,137.0,339.5,403.2,137.1,345.4,614,11.8,156,606,1.000,false
grid rate=1000000 rtt=100ms loss=1%,11,0.940,0.940,154.1,409.9,1411.9,154.3,409.9,578,11.5,366,588,1.000,false
grid rate=1000000 rtt=100ms loss=1%,12,0.936,0.936,134.7,331.5,474.1,134.7,331.5,618,11.3,124,589,1.000,false
grid rate=1000000 rtt=100ms loss=1%,13,0.939,0.939,135.1,349.0,463.8,135.1,358.4,612,11.2,120,554,1.000,false
grid rate=1000000 rtt=100ms loss=1%,14,0.940,0.940,136.7,326.6,463.0,134.7,326.6,615,12.0,251,580,1.000,false
grid rate=1000000 rtt=100ms loss=1%,15,0.940,0.940,137.0,192.1,534.0,135.4,192.1,614,11.2,243,593,1.000,false
grid rate=1000000 rtt=100ms loss=1%,16,0.938,0.938,143.5,373.8,423.1,143.5,375.0,601,11.8,342,548,1.000,false
grid rate=1000000 rtt=100ms loss=1%,17,0.936,0.936,134.4,328.5,378.4,134.4,328.5,623,11.3,142,616,1.000,false
grid rate=1000000 rtt=100ms loss=1%,18,0.936,0.936,135.2,321.2,384.8,135.2,321.2,620,11.3,94,637,1.000,false
grid rate=1000000 rtt=100ms loss=1%,19,0.939,0.939,134.2,329.0,418.2,134.2,329.0,621,11.2,177,615,1.000,false
grid rate=1000000 rtt=100ms loss=1%,20,0.937,0.937,133.5,312.1,397.0,133.5,312.1,623,12.0,205,588,1.000,false
grid rate=1000000 rtt=100ms loss=5%,1,0.887,0.887,137.3,410.8,939.1,137.2,410.8,617,11.6,26,2733,1.000,false
grid rate=1000000 rtt=100ms loss=5%,2,0.890,0.890,136.0,380.7,755.2,136.0,359.9,627,11.2,27,2713,1.000,false
grid rate=1000000 rtt=100ms loss=5%,3,0.888,0.888,135.8,375.4,667.2,135.4,375.1,627,11.2,16,2719,1.000,false
grid rate=1000000 rtt=100ms loss=5%,4,0.884,0.884,135.7,492.9,1461.1,135.7,492.9,627,11.2,9,2796,1.000,false
grid rate=1000000 rtt=100ms loss=5%,5,0.890,0.890,137.4,530.8,1395.6,137.2,530.8,620,11.3,93,2641,1.000,false
grid rate=1000000 rtt=100ms loss=5%,6,0.882,0.882,136.9,478.6,1412.5,136.9,478.6,622,11.2,22,2702,1.000,false
grid rate=1000000 rtt=100ms loss=5%,7,0.883,0.883,136.3,499.2,810.5,136.3,499.2,637,11.2,29,2737,1.000,false
grid rate=1000000 rtt=100ms loss=5%,8,0.880,0.880,135.8,380.9,750.2,136.0,369.1,639,11.0,22,2669,1.000,false
grid rate=1000000 rtt=100ms loss=5%,9,0.887,0.887,136.1,521.8,1454.0,136.1,521.8,621,11.4,104,2741,1.000,false
grid rate=1000000 rtt=100ms loss=5%,10,0.884,0.884,137.1,526.6,1301.1,137.2,526.6,620,11.2,15,2797,1.000,false
grid rate=1000000 rtt=100ms loss=5%,11,0.887,0.887,135.4,458.4,730.0,135.4,458.4,633,11.2,20,2752,1.000,false
grid rate=1000000 rtt=100ms loss=5%,12,0.887,0.887,136.7,418.6,1390.8,136.9,418.6,628,12.0,39,2739,1.000,false
grid rate=1000000 rtt=100ms loss=5%,13,0.880,0.880,135.7,423.4,840.2,136.0,423.4,632,11.8,56,2691,1.000,false
grid rate=1000000 rtt=100ms loss=5%,14,0.884,0.884,137.6,587.6,1453.4,137.6,587.6,618,11.6,28,2709,1.000,false
grid rate=1000000 rtt=100ms loss=5%,15,0.887,0.887,136.2,671.8,855.2,136.2,671.8,621,11.3,18,2725,1.000,false
grid rate=1000000 rtt=100ms loss=5%,16,0.888,0.888,137.1,374.9,836.5,137.1,366.6,628,11.3,104,2711,1.000,false
grid rate=1000000 rtt=100ms loss=5%,17,0.884,0.884,136.0,360.9,718.6,136.0,360.9,629,11.2,31,2747,1.000,false
grid rate=1000000 rtt=100ms loss=5%,18,0.885,0.885,137.0,543.6,733.6,137.0,543.6,627,11.2,16,2760,1.000,false
grid rate=1000000 rtt=100ms loss=5%,19,0.889,0.889,136.1,374.7,731.0,136.1,374.7,627,11.2,27,2705,1.000,false
grid rate=1000000 rtt=100ms loss=5%,20,0.882,0.882,135.2,450.2,928.7,135.6,450.2,630,11.6,60,2750,1.000,false
grid rate=1000000 rtt=300ms loss=0,1,0.950,0.950,334.5,392.0,420.7,334.5,363.2,386,16.0,0,0,1.000,false
grid rate=1000000 rtt=300ms loss=0,2,0.950,0.950,334.5,392.0,420.7,334.5,363.2,386,16.0,0,0,1.000,false
grid rate=1000000 rtt=300ms loss=0,3,0.950,0.950,334.5,392.0,420.7,334.5,363.2,386,16.0,0,0,1.000,false
grid rate=1000000 rtt=300ms loss=0,4,0.950,0.950,334.5,392.0,420.7,334.5,363.2,386,16.0,0,0,1.000,false
grid rate=1000000 rtt=300ms loss=0,5,0.950,0.950,334.5,392.0,420.7,334.5,363.2,386,16.0,0,0,1.000,false
grid rate=1000000 rtt=300ms loss=0,6,0.950,0.950,334.5,392.0,420.7,334.5,363.2,386,16.0,0,0,1.000,false
grid rate=1000000 rtt=300ms loss=0,7,0.950,0.950,334.5,392.0,420.7,334.5,363.2,386,16.0,0,0,1.000,false
grid rate=1000000 rtt=300ms loss=0,8,0.950,0.950,334.5,392.0,420.7,334.5,363.2,386,16.0,0,0,1.000,false
grid rate=1000000 rtt=300ms loss=0,9,0.950,0.950,334.5,392.0,420.7,334.5,363.2,386,16.0,0,0,1.000,false
grid rate=1000000 rtt=300ms loss=0,10,0.950,0.950,334.5,392.0,420.7,334.5,363.2,386,16.0,0,0,1.000,false
grid rate=1000000 rtt=300ms loss=0,11,0.950,0.950,334.5,392.0,420.7,334.5,363.2,386,16.0,0,0,1.000,false
grid rate=1000000 rtt=300ms loss=0,12,0.950,0.950,334.5,392.0,420.7,334.5,363.2,386,16.0,0,0,1.000,false
grid rate=1000000 rtt=300ms loss=0,13,0.950,0.950,334.5,392.0,420.7,334.5,363.2,386,16.0,0,0,1.000,false
grid rate=1000000 rtt=300ms loss=0,14,0.950,0.950,334.5,392.0,420.7,334.5,363.2,386,16.0,0,0,1.000,false
grid rate=1000000 rtt=300ms loss=0,15,0.950,0.950,334.5,392.0,420.7,334.5,363.2,386,16.0,0,0,1.000,false
grid rate=1000000 rtt=300ms loss=0,16,0.950,0.950,334.5,392.0,420.7,334.5,363.2,386,16.0,0,0,1.000,false
grid rate=1000000 rtt=300ms loss=0,17,0.950,0.950,334.5,392.0,420.7,334.5,363.2,386,16.0,0,0,1.000,false
grid rate=1000000 rtt=300ms loss=0,18,0.950,0.950,334.5,392.0,420.7,334.5,363.2,386,16.0,0,0,1.000,false
grid rate=1000000 rtt=300ms loss=0,19,0.950,0.950,334.5,392.0,420.7,334.5,363.2,386,16.0,0,0,1.000,false
grid rate=1000000 rtt=300ms loss=0,20,0.950,0.950,334.5,392.0,420.7,334.5,363.2,386,16.0,0,0,1.000,false
grid rate=1000000 rtt=300ms loss=0.1%,1,0.943,0.943,334.5,401.5,420.7,334.5,392.5,387,16.0,0,46,1.000,false
grid rate=1000000 rtt=300ms loss=0.1%,2,0.945,0.945,334.6,401.5,759.1,334.6,385.0,386,14.5,0,40,1.000,false
grid rate=1000000 rtt=300ms loss=0.1%,3,0.944,0.944,334.6,419.8,430.3,334.6,412.5,387,23.3,0,43,1.000,false
grid rate=1000000 rtt=300ms loss=0.1%,4,0.945,0.945,336.2,421.7,726.6,336.2,421.7,384,24.7,0,58,1.000,false
grid rate=1000000 rtt=300ms loss=0.1%,5,0.946,0.946,335.4,420.7,766.3,335.4,420.7,384,22.1,0,44,1.000,false
grid rate=1000000 rtt=300ms loss=0.1%,6,0.945,0.945,334.5,419.8,420.7,334.5,394.2,386,16.0,0,39,1.000,false
grid rate=1000000 rtt=300ms loss=0.1%,7,0.944,0.944,334.5,401.5,420.7,334.5,385.0,387,15.0,0,44,1.000,false
grid rate=1000000 rtt=300ms loss=0.1%,8,0.943,0.943,334.5,412.5,439.8,334.5,403.8,388,22.3,0,43,1.000,false
grid rate=1000000 rtt=300ms loss=0.1%,9,0.946,0.946,334.5,404.2,442.1,334.5,392.0,387,17.5,0,34,1.000,false
grid rate=1000000 rtt=300ms loss=0.1%,10,0.945,0.945,334.6,401.8,420.9,334.8,385.0,388,21.0,0,37,1.000,false
grid rate=1000000 rtt=300ms loss=0.1%,11,0.945,0.945,334.6,420.7,440.0,334.6,420.7,386,17.0,0,53,1.000,false
grid rate=1000000 rtt=300ms loss=0.1%,12,0.937,0.937,334.6,513.5,594.8,334.6,423.3,389,36.1,26,46,1.000,false
grid rate=1000000 rtt=300ms loss=0.1%,13,0.944,0.944,334.8,401.7,724.6,334.8,394.6,386,22.1,0,41,1.000,false
grid rate=1000000 rtt=300ms loss=0.1%,14,0.944,0.944,334.5,404.2,420.7,334.5,392.0,387,21.0,0,49,1.000,false
grid rate=1000000 rtt=300ms loss=0.1%,15,0.944,0.944,334.6,404.2,419.8,334.6,403.9,387,24.5,0,42,1.000,false
grid rate=1000000 rtt=300ms loss=0.1%,16,0.945,0.945,334.6,401.7,420.7,334.6,394.3,387,16.0,0,40,1.000,false
grid rate=1000000 rtt=300ms loss=0.1%,17,0.944,0.944,334.5,419.8,420.7,334.5,401.5,386,16.0,0,46,1.000,false
grid rate=1000000 rtt=300ms loss=0.1%,18,0.944,0.944,334.6,404.2,708.5,334.6,394.6,387,20.3,0,55,1.000,false
grid rate=1000000 rtt=300ms loss=0.1%,19,0.946,0.946,334.6,420.7,740.2,334.6,420.7,385,22.1,0,45,1.000,false
grid rate=1000000 rtt=300ms loss=0.1%,20,0.947,0.947,334.5,430.3,710.6,334.5,430.3,384,17.0,0,51,1.000,false
grid rate=1000000 rtt=300ms loss=1%,1,0.932,0.932,344.7,729.8,845.5,344.7,729.8,383,22.0,0,497,1.000,false
grid rate=1000000 rtt=300ms loss=1%,2,0.936,0.936,336.8,734.5,783.8,337.1,734.5,383,17.0,0,525,1.000,false
grid rate=1000000 rtt=300ms loss=1%,3,0.935,0.935,344.1,742.1,1430.5,344.1,742.1,380,22.3,0,543,1.000,false
grid rate=1000000 rtt=300ms loss=1%,4,0.934,0.934,344.8,770.4,1502.5,344.8,770.4,376,27.9,0,551,1.000,false
grid rate=1000000 rtt=300ms loss=1%,5,0.928,0.928,344.2,718.7,1195.3,344.2,718.7,378,36.1,37,489,1.000,false
grid rate=1000000 rtt=300ms loss=1%,6,0.934,0.934,344.2,745.0,883.4,344.3,719.8,381,22.1,0,522,1.000,false
grid rate=1000000 rtt=300ms loss=1%,7,0.938,0.938,344.3,764.5,907.9,344.3,764.5,376,23.1,0,509,1.000,false
grid rate=1000000 rtt=300ms loss=1%,8,0.934,0.934,344.8,812.9,846.3,344.8,812.9,373,22.3,0,555,1.000,false
grid rate=1000000 rtt=300ms loss=1%,9,0.936,0.936,337.3,733.9,817.7,337.4,733.9,383,17.5,0,515,1.000,false
grid rate=1000000 rtt=300ms loss=1%,10,0.929,0.929,344.7,751.8,1213.3,344.8,751.8,374,36.1,136,605,1.000,false
grid rate=1000000 rtt=300ms loss=1%,11,0.934,0.934,344.3,738.6,883.6,344.5,737.7,379,21.2,0,567,1.000,false
grid rate=1000000 rtt=300ms loss=1%,12,0.933,0.933,344.5,728.8,893.0,344.5,728.8,378,22.4,0,513,1.000,false
grid rate=1000000 rtt=300ms loss=1%,13,0.939,0.939,337.3,765.7,816.0,337.3,765.7,380,17.4,0,501,1.000,false
grid rate=1000000 rtt=300ms loss=1%,14,0.930,0.930,344.1,766.1,884.6,344.1,766.1,379,27.9,0,508,1.000,false
grid rate=1000000 rtt=300ms loss=1%,15,0.936,0.936,344.1,748.9,835.7,344.2,748.9,381,27.8,0,517,1.000,false
grid rate=1000000 rtt=300ms loss=1%,16,0.935,0.935,337.1,717.6,844.1,337.1,717.6,383,29.0,0,490,1.000,false
grid rate=1000000 rtt=300ms loss=1%,17,0.935,0.935,345.4,823.1,1243.5,345.4,754.9,371,27.9,0,554,1.000,false
grid rate=1000000 rtt=300ms loss=1%,18,0.930,0.930,344.3,714.9,806.2,344.3,714.9,385,24.6,0,594,1.000,false
grid rate=1000000 rtt=300ms loss=1%,19,0.937,0.937,344.2,776.8,843.6,344.2,776.8,379,20.8,0,541,1.000,false
grid rate=1000000 rtt=300ms loss=1%,20,0.936,0.936,344.5,730.4,939.8,344.5,730.4,378,23.3,0,519,1.000,false
grid rate=1000000 rtt=300ms loss=5%,1,0.889,0.889,342.6,1122.7,2040.4,343.4,1122.7,373,16.5,0,2416,1.000,false
grid rate=1000000 rtt=300ms loss=5%,2,0.886,0.886,339.7,869.2,1377.9,340.8,869.2,381,18.5,0,2415,1.000,false
grid rate=1000000 rtt=300ms loss=5%,3,0.882,0.882,339.9,857.4,1166.9,339.9,853.0,388,22.2,0,2375,1.000,false
grid rate=1000000 rtt=300ms loss=5%,4,0.883,0.883,339.4,1098.8,1409.1,339.4,1098.8,388,26.6,0,2470,1.000,false
grid rate=1000000 rtt=300ms loss=5%,5,0.884,0.884,342.3,1067.3,1394.7,343.9,1067.3,372,23.0,0,2351,1.000,false
grid rate=1000000 rtt=300ms loss=5%,6,0.879,0.879,340.1,1349.3,2045.8,340.3,1349.3,375,36.1,118,2421,1.000,false
grid rate=1000000 rtt=300ms loss=5%,7,0.883,0.883,339.0,1243.5,1414.6,339.0,796.0,377,26.9,0,2429,1.000,false
grid rate=1000000 rtt=300ms loss=5%,8,0.885,0.885,345.2,1385.8,2700.9,345.2,1385.8,364,28.4,0,2383,1.000,false
grid rate=1000000 rtt=300ms loss=5%,9,0.888,0.888,342.4,1243.6,1412.1,340.6,1173.6,375,24.4,0,2412,1.000,false
grid rate=1000000 rtt=300ms loss=5%,10,0.874,0.874,339.5,1031.5,1087.7,342.7,1031.5,384,25.7,0,2498,1.000,false
grid rate=1000000 rtt=300ms loss=5%,11,0.887,0.887,340.3,896.9,1385.5,342.7,804.9,373,22.3,0,2390,1.000,false
grid rate=1000000 rtt=300ms loss=5%,12,0.886,0.886,339.1,771.5,1078.1,339.2,743.3,383,27.7,0,2437,1.000,false
grid rate=1000000 rtt=300ms loss=5%,13,0.878,0.878,338.8,882.8,1412.1,339.1,859.9,386,22.4,0,2359,1.000,false
grid rate=1000000 rtt=300ms loss=5%,14,0.888,0.888,339.4,1381.1,1415.4,339.4,1381.1,381,27.8,0,2383,1.000,false
grid rate=1000000 rtt=300ms loss=5%,15,0.886,0.886,339.9,886.3,1390.0,339.9,758.7,382,23.2,0,2400,1.000,false
grid rate=1000000 rtt=300ms loss=5%,16,0.891,0.891,345.2,1058.8,1373.0,345.0,854.1,372,27.8,0,2392,1.000,false
grid rate=1000000 rtt=300ms loss=5%,17,0.891,0.891,341.6,779.9,1381.7,344.7,779.9,376,18.9,0,2444,1.000,false
grid rate=1000000 rtt=300ms loss=5%,18,0.881,0.881,345.2,1061.4,1357.1,345.2,985.0,371,35.9,35,2417,1.000,false
grid rate=1000000 rtt=300ms loss=5%,19,0.880,0.880,339.6,1074.8,1400.8,339.6,960.7,386,25.2,0,2418,1.000,false
grid rate=1000000 rtt=300ms loss=5%,20,0.873,0.873,340.0,1365.5,1406.5,341.0,1365.5,384,28.9,0,2395,1.000,false
grid rate=10000000 rtt=20ms loss=0,1,9.524,0.952,22.9,26.7,35.4,22.9,24.8,591,20.1,0,0,1.000,false
grid rate=10000000 rtt=20ms loss=0,2,9.524,0.952,22.9,26.7,35.4,22.9,24.8,591,20.1,0,0,1.000,false
grid rate=10000000 rtt=20ms loss=0,3,9.524,0.952,22.9,26.7,35.4,22.9,24.8,591,20.1,0,0,1.000,false
grid rate=10000000 rtt=20ms loss=0,4,9.524,0.952,22.9,26.7,35.4,22.9,24.8,591,20.1,0,0,1.000,false
grid rate=10000000 rtt=20ms loss=0,5,9.524,0.952,22.9,26.7,35.4,22.9,24.8,591,20.1,0,0,1.000,false
grid rate=10000000 rtt=20ms loss=0,6,9.524,0.952,22.9,26.7,35.4,22.9,24.8,591,20.1,0,0,1.000,false
grid rate=10000000 rtt=20ms loss=0,7,9.524,0.952,22.9,26.7,35.4,22.9,24.8,591,20.1,0,0,1.000,false
grid rate=10000000 rtt=20ms loss=0,8,9.524,0.952,22.9,26.7,35.4,22.9,24.8,591,20.1,0,0,1.000,false
grid rate=10000000 rtt=20ms loss=0,9,9.524,0.952,22.9,26.7,35.4,22.9,24.8,591,20.1,0,0,1.000,false
grid rate=10000000 rtt=20ms loss=0,10,9.524,0.952,22.9,26.7,35.4,22.9,24.8,591,20.1,0,0,1.000,false
grid rate=10000000 rtt=20ms loss=0,11,9.524,0.952,22.9,26.7,35.4,22.9,24.8,591,20.1,0,0,1.000,false
grid rate=10000000 rtt=20ms loss=0,12,9.524,0.952,22.9,26.7,35.4,22.9,24.8,591,20.1,0,0,1.000,false
grid rate=10000000 rtt=20ms loss=0,13,9.524,0.952,22.9,26.7,35.4,22.9,24.8,591,20.1,0,0,1.000,false
grid rate=10000000 rtt=20ms loss=0,14,9.524,0.952,22.9,26.7,35.4,22.9,24.8,591,20.1,0,0,1.000,false
grid rate=10000000 rtt=20ms loss=0,15,9.524,0.952,22.9,26.7,35.4,22.9,24.8,591,20.1,0,0,1.000,false
grid rate=10000000 rtt=20ms loss=0,16,9.524,0.952,22.9,26.7,35.4,22.9,24.8,591,20.1,0,0,1.000,false
grid rate=10000000 rtt=20ms loss=0,17,9.524,0.952,22.9,26.7,35.4,22.9,24.8,591,20.1,0,0,1.000,false
grid rate=10000000 rtt=20ms loss=0,18,9.524,0.952,22.9,26.7,35.4,22.9,24.8,591,20.1,0,0,1.000,false
grid rate=10000000 rtt=20ms loss=0,19,9.524,0.952,22.9,26.7,35.4,22.9,24.8,591,20.1,0,0,1.000,false
grid rate=10000000 rtt=20ms loss=0,20,9.524,0.952,22.9,26.7,35.4,22.9,24.8,591,20.1,0,0,1.000,false
grid rate=10000000 rtt=20ms loss=0.1%,1,9.513,0.951,22.9,26.7,35.4,22.9,24.8,594,20.1,0,56,1.000,false
grid rate=10000000 rtt=20ms loss=0.1%,2,9.515,0.952,22.9,27.7,35.4,22.9,24.8,594,20.1,0,53,1.000,false
grid rate=10000000 rtt=20ms loss=0.1%,3,9.509,0.951,22.9,30.4,48.9,22.9,24.8,594,20.1,0,56,1.000,false
grid rate=10000000 rtt=20ms loss=0.1%,4,9.509,0.951,22.9,34.4,57.0,22.9,24.9,592,20.1,0,67,1.000,false
grid rate=10000000 rtt=20ms loss=0.1%,5,9.510,0.951,22.9,34.4,36.3,22.9,33.5,590,23.5,9,51,1.000,false
grid rate=10000000 rtt=20ms loss=0.1%,6,9.514,0.951,22.9,26.7,35.4,22.9,24.8,595,20.1,0,49,1.000,false
grid rate=10000000 rtt=20ms loss=0.1%,7,9.508,0.951,22.9,31.5,35.4,22.9,29.6,593,22.5,4,57,1.000,false
grid rate=10000000 rtt=20ms loss=0.1%,8,9.507,0.951,22.9,35.4,50.5,22.9,37.3,590,23.5,5,54,1.000,false
grid rate=10000000 rtt=20ms loss=0.1%,9,9.506,0.951,22.9,35.4,83.5,23.0,35.4,584,23.5,22,43,1.000,false
grid rate=10000000 rtt=20ms loss=0.1%,10,9.523,0.952,22.9,26.5,35.4,22.9,24.8,594,20.1,0,47,1.000,false
grid rate=10000000 rtt=20ms loss=0.1%,11,9.507,0.951,22.9,30.6,52.8,22.9,24.9,593,20.1,0,68,1.000,false
grid rate=10000000 rtt=20ms loss=0.1%,12,9.513,0.951,22.9,29.6,52.3,22.9,24.8,594,20.1,0,54,1.000,false
grid rate=10000000 rtt=20ms loss=0.1%,13,9.515,0.952,22.9,33.5,51.7,22.9,33.4,592,22.5,0,49,1.000,false
grid rate=10000000 rtt=20ms loss=0.1%,14,9.506,0.951,22.9,30.4,67.5,22.9,24.9,594,20.1,0,64,1.000,false
grid rate=10000000 rtt=20ms loss=0.1%,15,9.512,0.951,22.9,30.6,48.9,22.9,24.8,593,20.1,0,52,1.000,false
grid rate=10000000 rtt=20ms loss=0.1%,16,9.513,0.951,22.9,26.7,35.4,22.9,24.8,595,20.1,0,50,1.000,false
grid rate=10000000 rtt=20ms loss=0.1%,17,9.507,0.951,22.9,30.4,50.9,22.9,24.9,594,20.1,0,55,1.000,false
grid rate=10000000 rtt=20ms loss=0.1%,18,9.509,0.951,22.9,30.6,53.7,22.9,25.8,593,20.1,0,64,1.000,false
grid rate=10000000 rtt=20ms loss=0.1%,19,9.497,0.950,23.0,36.5,51.0,23.0,36.5,588,23.5,15,56,1.000,false
grid rate=10000000 rtt=20ms loss=0.1%,20,9.511,0.951,22.9,30.4,48.2,22.9,24.8,594,20.1,0,60,1.000,false
grid rate=10000000 rtt=20ms loss=1%,1,9.396,0.940,23.0,51.8,57.6,23.0,51.6,590,20.1,0,652,1.000,false
grid rate=10000000 rtt=20ms loss=1%,2,9.389,0.939,23.0,50.8,52.9,23.0,50.5,588,22.5,3,676,1.000,false
grid rate=10000000 rtt=20ms loss=1%,3,9.369,0.937,23.0,50.9,106.3,23.0,50.9,587,22.4,0,703,1.000,false
grid rate=10000000 rtt=20ms loss=1%,4,9.354,0.935,23.1,55.2,120.7,23.1,50.9,587,22.5,1,709,1.000,false
grid rate=10000000 rtt=20ms loss=1%,5,9.399,0.940,23.0,50.9,52.6,23.0,51.7,591,20.2,0,649,1.000,false
grid rate=10000000 rtt=20ms loss=1%,6,9.332,0.933,23.9,57.7,140.2,23.9,61.0,577,23.5,7,665,1.000,false
grid rate=10000000 rtt=20ms loss=1%,7,9.375,0.938,23.0,50.9,66.1,23.0,50.5,594,22.1,0,662,1.000,false
grid rate=10000000 rtt=20ms loss=1%,8,9.346,0.935,23.1,51.8,69.4,23.2,51.3,588,22.7,1,697,1.000,false
grid rate=10000000 rtt=20ms loss=1%,9,9.376,0.938,23.0,51.6,83.5,23.0,51.6,587,23.5,134,686,1.000,false
grid rate=10000000 rtt=20ms loss=1%,10,9.354,0.935,23.0,50.4,55.0,23.0,50.1,595,23.1,1,721,1.000,false
grid rate=10000000 rtt=20ms loss=1%,11,9.347,0.935,23.0,50.9,59.9,23.0,50.0,595,23.5,216,754,1.000,false
grid rate=10000000 rtt=20ms loss=1%,12,9.365,0.937,23.0,52.8,59.4,23.1,53.1,586,22.5,2,690,1.000,false
grid rate=10000000 rtt=20ms loss=1%,13,9.347,0.935,23.0,50.8,57.4,23.0,50.8,591,23.6,4,664,1.000,false
grid rate=10000000 rtt=20ms loss=1%,14,9.385,0.939,23.0,52.1,77.2,23.0,52.8,589,20.1,0,657,1.000,false
grid rate=10000000 rtt=20ms loss=1%,15,9.377,0.938,23.0,49.8,52.1,23.0,49.8,595,21.2,0,684,1.000,false
grid rate=10000000 rtt=20ms loss=1%,16,9.415,0.941,23.0,49.9,51.6,23.0,49.9,592,20.1,0,625,1.000,false
grid rate=10000000 rtt=20ms loss=1%,17,9.392,0.939,23.0,52.8,55.6,23.0,51.9,588,22.5,2,706,1.000,false
grid rate=10000000 rtt=20ms loss=1%,18,9.341,0.934,23.1,51.8,105.7,23.1,51.3,588,23.1,1,717,1.000,false
grid rate=10000000 rtt=20ms loss=1%,19,9.339,0.934,23.0,51.8,75.7,23.0,51.8,592,23.5,8,699,1.000,false
grid rate=10000000 rtt=20ms loss=1%,20,9.349,0.935,23.1,51.9,64.2,23.1,51.9,589,23.0,0,672,1.000,false
grid rate=10000000 rtt=20ms loss=5%,1,8.880,0.888,23.9,79.7,127.9,24.0,59.8,569,22.8,2,3114,1.000,false
grid rate=10000000 rtt=20ms loss=5%,2,8.691,0.869,23.7,77.2,116.2,23.7,78.2,595,23.2,12,3098,1.000,false
grid rate=10000000 rtt=20ms loss=5%,3,8.765,0.876,23.7,102.1,134.0,23.8,102.5,576,23.1,5,3120,1.000,false
grid rate=10000000 rtt=20ms loss=5%,4,8.788,0.879,24.0,63.9,124.5,24.1,56.9,582,20.1,0,3188,1.000,false
grid rate=10000000 rtt=20ms loss=5%,5,8.726,0.873,23.5,81.3,145.4,23.6,81.3,588,18.1,0,3015,1.000,false
grid rate=10000000 rtt=20ms loss=5%,6,8.798,0.880,23.7,74.4,212.8,23.6,62.5,580,24.0,125,3100,1.000,false
grid rate=10000000 rtt=20ms loss=5%,7,8.872,0.887,23.9,55.6,106.9,24.1,55.6,592,23.1,5,3153,1.000,false
grid rate=10000000 rtt=20ms loss=5%,8,8.720,0.872,23.5,58.5,117.3,23.5,58.5,600,23.1,1,3064,1.000,false
grid rate=10000000 rtt=20ms loss=5%,9,8.832,0.883,23.9,84.4,148.4,24.0,84.0,578,23.1,5,3120,1.000,false
grid rate=10000000 rtt=20ms loss=5%,10,8.728,0.873,23.8,102.8,129.5,23.9,102.8,576,23.1,6,3222,1.000,false
grid rate=10000000 rtt=20ms loss=5%,11,8.678,0.868,23.7,80.3,127.7,23.8,77.3,583,23.2,28,3125,1.000,false
grid rate=10000000 rtt=20ms loss=5%,12,8.744,0.874,23.7,109.9,132.7,23.7,109.9,584,23.1,3,3127,1.000,false
grid rate=10000000 rtt=20ms loss=5%,13,8.699,0.870,23.6,106.6,114.1,23.6,106.6,583,23.1,9,3087,1.000,false
grid rate=10000000 rtt=20ms loss=5%,14,8.799,0.880,23.8,61.2,230.7,23.8,56.0,582,23.2,39,3059,1.000,false
grid rate=10000000 rtt=20ms loss=5%,15,8.740,0.874,24.0,81.5,112.2,24.0,78.2,578,23.1,2,3143,1.000,false
grid rate=10000000 rtt=20ms loss=5%,16,8.761,0.876,23.7,100.4,139.8,23.7,109.9,579,24.1,11,3092,1.000,false
grid rate=10000000 rtt=20ms loss=5%,17,8.732,0.873,23.6,81.8,232.2,23.6,81.8,589,23.2,2,3153,1.000,false
grid rate=10000000 rtt=20ms loss=5%,18,8.722,0.872,23.6,57.3,117.1,23.6,58.8,589,22.7,1,3173,1.000,false
grid rate=10000000 rtt=20ms loss=5%,19,8.733,0.873,23.7,58.7,115.2,23.7,64.6,595,22.9,4,3103,1.000,false
grid rate=10000000 rtt=20ms loss=5%,20,8.770,0.877,23.7,61.3,111.9,23.7,59.7,591,23.9,3,3099,1.000,false
grid rate=10000000 rtt=100ms loss=0,1,9.135,0.913,103.3,150.4,155.3,103.3,105.3,209,67.6,0,0,1.000,false
grid rate=10000000 rtt=100ms loss=0,2,9.135,0.913,103.3,150.4,155.3,103.3,105.3,209,67.6,0,0,1.000,false
grid rate=10000000 rtt=100ms loss=0,3,9.135,0.913,103.3,150.4,155.3,103.3,105.3,209,67.6,0,0,1.000,false
grid rate=10000000 rtt=100ms loss=0,4,9.135,0.913,103.3,150.4,155.3,103.3,105.3,209,67.6,0,0,1.000,false
grid rate=10000000 rtt=100ms loss=0,5,9.135,0.913,103.3,150.4,155.3,103.3,105.3,209,67.6,0,0,1.000,false
grid rate=10000000 rtt=100ms loss=0,6,9.135,0.913,103.3,150.4,155.3,103.3,105.3,209,67.6,0,0,1.000,false
grid rate=10000000 rtt=100ms loss=0,7,9.135,0.913,103.3,150.4,155.3,103.3,105.3,209,67.6,0,0,1.000,false
grid rate=10000000 rtt=100ms loss=0,8,9.135,0.913,103.3,150.4,155.3,103.3,105.3,209,67.6,0,0,1.000,false
grid rate=10000000 rtt=100ms loss=0,9,9.135,0.913,103.3,150.4,155.3,103.3,105.3,209,67.6,0,0,1.000,false
grid rate=10000000 rtt=100ms loss=0,10,9.135,0.913,103.3,150.4,155.3,103.3,105.3,209,67.6,0,0,1.000,false
grid rate=10000000 rtt=100ms loss=0,11,9.135,0.913,103.3,150.4,155.3,103.3,105.3,209,67.6,0,0,1.000,false
grid rate=10000000 rtt=100ms loss=0,12,9.135,0.913,103.3,150.4,155.3,103.3,105.3,209,67.6,0,0,1.000,false
grid rate=10000000 rtt=100ms loss=0,13,9.135,0.913,103.3,150.4,155.3,103.3,105.3,209,67.6,0,0,1.000,false
grid rate=10000000 rtt=100ms loss=0,14,9.135,0.913,103.3,150.4,155.3,103.3,105.3,209,67.6,0,0,1.000,false
grid rate=10000000 rtt=100ms loss=0,15,9.135,0.913,103.3,150.4,155.3,103.3,105.3,209,67.6,0,0,1.000,false
grid rate=10000000 rtt=100ms loss=0,16,9.135,0.913,103.3,150.4,155.3,103.3,105.3,209,67.6,0,0,1.000,false
grid rate=10000000 rtt=100ms loss=0,17,9.135,0.913,103.3,150.4,155.3,103.3,105.3,209,67.6,0,0,1.000,false
grid rate=10000000 rtt=100ms loss=0,18,9.135,0.913,103.3,150.4,155.3,103.3,105.3,209,67.6,0,0,1.000,false
grid rate=10000000 rtt=100ms loss=0,19,9.135,0.913,103.3,150.4,155.3,103.3,105.3,209,67.6,0,0,1.000,false
grid rate=10000000 rtt=100ms loss=0,20,9.135,0.913,103.3,150.4,155.3,103.3,105.3,209,67.6,0,0,1.000,false
grid rate=10000000 rtt=100ms loss=0.1%,1,9.187,0.919,103.4,150.4,155.3,103.4,112.0,207,67.6,0,50,1.000,false
grid rate=10000000 rtt=100ms loss=0.1%,2,9.086,0.909,103.4,150.4,155.3,103.6,114.8,209,67.6,0,52,1.000,false
grid rate=10000000 rtt=100ms loss=0.1%,3,9.189,0.919,103.4,150.4,155.3,103.4,110.1,205,67.8,0,54,1.000,false
grid rate=10000000 rtt=100ms loss=0.1%,4,9.174,0.917,103.4,152.3,253.0,103.4,111.0,204,67.6,0,67,1.000,false
grid rate=10000000 rtt=100ms loss=0.1%,5,9.111,0.911,103.4,155.3,212.6,103.4,112.0,207,67.6,0,48,1.000,false
grid rate=10000000 rtt=100ms loss=0.1%,6,9.112,0.911,103.4,150.4,155.3,103.4,113.9,207,67.6,0,49,1.000,false
grid rate=10000000 rtt=100ms loss=0.1%,7,9.096,0.910,103.3,152.3,210.8,103.4,115.5,209,67.6,0,56,1.000,false
grid rate=10000000 rtt=100ms loss=0.1%,8,9.206,0.921,103.6,112.0,116.2,104.3,112.0,209,26.8,0,51,1.000,false
grid rate=10000000 rtt=100ms loss=0.1%,9,9.129,0.913,103.4,150.4,155.3,103.4,111.0,208,67.6,0,42,1.000,false
grid rate=10000000 rtt=100ms loss=0.1%,10,9.190,0.919,103.4,150.6,155.3,103.4,109.1,206,67.6,0,47,1.000,false
grid rate=10000000 rtt=100ms loss=0.1%,11,9.137,0.914,103.4,210.7,212.9,103.6,211.2,204,72.5,0,67,1.000,false
grid rate=10000000 rtt=100ms loss=0.1%,12,9.211,0.921,103.4,111.0,112.3,103.4,110.1,209,21.2,0,53,1.000,false
grid rate=10000000 rtt=100ms loss=0.1%,13,9.030,0.903,103.4,146.6,152.3,103.4,111.0,210,65.3,0,48,1.000,false
grid rate=10000000 rtt=100ms loss=0.1%,14,9.100,0.910,104.3,150.6,155.3,104.3,120.7,206,67.8,0,62,1.000,false
grid rate=10000000 rtt=100ms loss=0.1%,15,9.083,0.908,103.4,150.4,155.3,103.4,115.8,209,75.8,0,51,1.000,false
grid rate=10000000 rtt=100ms loss=0.1%,16,9.200,0.920,104.3,152.3,214.7,104.3,112.0,204,67.6,0,49,1.000,false
grid rate=10000000 rtt=100ms loss=0.1%,17,9.190,0.919,103.4,150.4,155.3,103.4,110.1,207,67.6,0,52,1.000,false
grid rate=10000000 rtt=100ms loss=0.1%,18,9.141,0.914,103.4,112.0,116.3,103.4,112.0,211,39.5,0,61,1.000,false
grid rate=10000000 rtt=100ms loss=0.1%,19,9.125,0.912,103.4,150.4,155.4,103.4,109.2,209,67.6,0,55,1.000,false
grid rate=10000000 rtt=100ms loss=0.1%,20,9.111,0.911,103.4,149.5,155.3,103.4,110.1,208,75.8,0,59,1.000,false
grid rate=10000000 rtt=100ms loss=1%,1,8.916,0.892,104.3,212.7,248.2,104.3,218.8,205,120.6,7,573,1.000,false
grid rate=10000000 rtt=100ms loss=1%,2,8.887,0.889,104.3,213.1,327.6,104.3,213.6,209,101.4,0,593,1.000,false
grid rate=10000000 rtt=100ms loss=1%,3,8.871,0.887,104.3,235.6,352.3,103.6,235.6,206,78.2,0,605,1.000,false
grid rate=10000000 rtt=100ms loss=1%,4,8.576,0.858,103.4,212.9,221.3,103.6,215.7,216,101.9,0,598,1.000,false
grid rate=10000000 rtt=100ms loss=1%,5,9.111,0.911,103.6,213.3,214.8,104.3,214.2,207,21.1,0,535,1.000,false
grid rate=10000000 rtt=100ms loss=1%,6,8.641,0.864,104.3,298.1,336.4,104.3,298.1,203,73.5,0,590,1.000,false
grid rate=10000000 rtt=100ms loss=1%,7,9.020,0.902,104.4,215.9,326.6,104.3,215.9,203,120.6,7,581,1.000,false
grid rate=10000000 rtt=100ms loss=1%,8,9.046,0.905,104.4,220.4,313.6,104.3,220.4,200,69.0,0,598,1.000,false
grid rate=10000000 rtt=100ms loss=1%,9,8.718,0.872,104.3,214.4,401.1,104.3,214.4,203,111.1,0,555,1.000,false
grid rate=10000000 rtt=100ms loss=1%,10,8.859,0.886,104.3,215.2,220.5,104.3,217.0,210,65.4,0,612,1.000,false
grid rate=10000000 rtt=100ms loss=1%,11,8.990,0.899,103.8,217.5,220.3,104.3,217.5,207,64.2,0,614,1.000,false
grid rate=10000000 rtt=100ms loss=1%,12,9.056,0.906,104.3,213.6,215.5,104.3,214.5,207,24.9,0,580,1.000,false
grid rate=10000000 rtt=100ms loss=1%,13,9.007,0.901,104.3,215.4,219.9,104.3,215.8,204,96.5,0,563,1.000,false
grid rate=10000000 rtt=100ms loss=1%,14,8.986,0.899,104.3,255.0,318.4,104.3,297.9,203,114.3,0,557,1.000,false
grid rate=10000000 rtt=100ms loss=1%,15,8.914,0.891,104.3,211.1,324.7,104.3,214.6,209,100.7,0,586,1.000,false
grid rate=10000000 rtt=100ms loss=1%,16,9.028,0.903,104.3,213.6,317.2,104.3,213.6,201,120.8,2,546,1.000,false
grid rate=10000000 rtt=100ms loss=1%,17,9.031,0.903,104.3,214.9,221.7,104.3,214.9,209,66.7,0,619,1.000,false
grid rate=10000000 rtt=100ms loss=1%,18,8.935,0.894,103.6,216.8,424.7,104.3,216.8,210,27.0,0,649,1.000,false
grid rate=10000000 rtt=100ms loss=1%,19,9.034,0.903,104.3,213.5,220.9,104.4,215.6,205,74.5,0,617,1.000,false
grid rate=10000000 rtt=100ms loss=1%,20,9.023,0.902,103.6,213.6,217.8,104.3,213.6,209,26.8,0,581,1.000,false
grid rate=10000000 rtt=100ms loss=5%,1,7.150,0.715,104.5,462.4,619.7,104.6,462.4,230,69.1,0,2741,1.000,false
grid rate=10000000 rtt=100ms loss=5%,2,8.184,0.818,104.5,425.9,2083.8,104.5,425.9,195,120.8,6,2727,1.000,false
grid rate=10000000 rtt=100ms loss=5%,3,7.696,0.770,104.6,307.9,352.3,104.6,307.9,217,83.5,0,2730,1.000,false
grid rate=10000000 rtt=100ms loss=5%,4,7.832,0.783,104.5,267.5,381.3,104.8,267.5,222,88.9,0,2807,1.000,false
grid rate=10000000 rtt=100ms loss=5%,5,7.531,0.753,104.6,315.5,352.1,104.6,315.5,219,100.7,0,2642,1.000,false
grid rate=10000000 rtt=100ms loss=5%,6,7.035,0.703,103.9,278.3,485.2,104.4,275.5,239,77.8,0,2743,1.000,false
grid rate=10000000 rtt=100ms loss=5%,7,7.329,0.733,104.6,341.5,728.4,104.7,383.2,210,118.0,0,2737,1.000,false
grid rate=10000000 rtt=100ms loss=5%,8,7.259,0.726,104.6,315.4,428.6,105.3,315.4,235,66.7,0,2683,1.000,false
grid rate=10000000 rtt=100ms loss=5%,9,7.480,0.748,104.8,352.0,625.7,104.9,350.8,216,120.4,0,2743,1.000,false
grid rate=10000000 rtt=100ms loss=5%,10,7.448,0.745,105.4,332.8,664.8,105.4,370.2,215,118.6,0,2841,1.000,false
grid rate=10000000 rtt=100ms loss=5%,11,8.248,0.825,104.6,289.5,568.4,104.5,259.5,209,94.8,0,2751,1.000,false
grid rate=10000000 rtt=100ms loss=5%,12,7.565,0.757,104.6,264.5,494.2,104.8,284.9,226,73.9,0,2759,1.000,false
grid rate=10000000 rtt=100ms loss=5%,13,7.827,0.783,104.4,257.2,1090.7,104.6,258.8,217,67.3,0,2671,1.000,false
grid rate=10000000 rtt=100ms loss=5%,14,8.126,0.813,104.5,276.1,358.8,104.5,350.3,215,120.7,1,2712,1.000,false
grid rate=10000000 rtt=100ms loss=5%,15,7.264,0.726,104.6,552.4,1612.9,104.6,702.1,208,120.9,4,2761,1.000,false
grid rate=10000000 rtt=100ms loss=5%,16,7.154,0.715,104.6,314.8,518.1,105.3,322.7,228,101.3,0,2719,1.000,false
grid rate=10000000 rtt=100ms loss=5%,17,7.075,0.707,104.8,306.0,453.0,105.4,363.3,235,99.2,0,2783,1.000,false
grid rate=10000000 rtt=100ms loss=5%,18,7.197,0.720,104.5,270.7,298.5,104.5,270.7,245,71.8,0,2785,1.000,false
grid rate=10000000 rtt=100ms loss=5%,19,7.802,0.780,104.5,281.6,425.5,104.6,269.4,217,97.3,0,2728,1.000,false
grid rate=10000000 rtt=100ms loss=5%,20,7.793,0.779,104.5,537.3,659.9,104.5,537.3,203,66.2,0,2716,1.000,false
grid rate=10000000 rtt=300ms loss=0,1,8.650,0.865,302.8,364.1,364.1,302.8,309.5,88,81.8,0,0,1.000,false
grid rate=10000000 rtt=300ms loss=0,2,8.650,0.865,302.8,364.1,364.1,302.8,309.5,88,81.8,0,0,1.000,false
grid rate=10000000 rtt=300ms loss=0,3,8.650,0.865,302.8,364.1,364.1,302.8,309.5,88,81.8,0,0,1.000,false
grid rate=10000000 rtt=300ms loss=0,4,8.650,0.865,302.8,364.1,364.1,302.8,309.5,88,81.8,0,0,1.000,false
grid rate=10000000 rtt=300ms loss=0,5,8.650,0.865,302.8,364.1,364.1,302.8,309.5,88,81.8,0,0,1.000,false
grid rate=10000000 rtt=300ms loss=0,6,8.650,0.865,302.8,364.1,364.1,302.8,309.5,88,81.8,0,0,1.000,false
grid rate=10000000 rtt=300ms loss=0,7,8.650,0.865,302.8,364.1,364.1,302.8,309.5,88,81.8,0,0,1.000,false
grid rate=10000000 rtt=300ms loss=0,8,8.650,0.865,302.8,364.1,364.1,302.8,309.5,88,81.8,0,0,1.000,false
grid rate=10000000 rtt=300ms loss=0,9,8.650,0.865,302.8,364.1,364.1,302.8,309.5,88,81.8,0,0,1.000,false
grid rate=10000000 rtt=300ms loss=0,10,8.650,0.865,302.8,364.1,364.1,302.8,309.5,88,81.8,0,0,1.000,false
grid rate=10000000 rtt=300ms loss=0,11,8.650,0.865,302.8,364.1,364.1,302.8,309.5,88,81.8,0,0,1.000,false
grid rate=10000000 rtt=300ms loss=0,12,8.650,0.865,302.8,364.1,364.1,302.8,309.5,88,81.8,0,0,1.000,false
grid rate=10000000 rtt=300ms loss=0,13,8.650,0.865,302.8,364.1,364.1,302.8,309.5,88,81.8,0,0,1.000,false
grid rate=10000000 rtt=300ms loss=0,14,8.650,0.865,302.8,364.1,364.1,302.8,309.5,88,81.8,0,0,1.000,false
grid rate=10000000 rtt=300ms loss=0,15,8.650,0.865,302.8,364.1,364.1,302.8,309.5,88,81.8,0,0,1.000,false
grid rate=10000000 rtt=300ms loss=0,16,8.650,0.865,302.8,364.1,364.1,302.8,309.5,88,81.8,0,0,1.000,false
grid rate=10000000 rtt=300ms loss=0,17,8.650,0.865,302.8,364.1,364.1,302.8,309.5,88,81.8,0,0,1.000,false
grid rate=10000000 rtt=300ms loss=0,18,8.650,0.865,302.8,364.1,364.1,302.8,309.5,88,81.8,0,0,1.000,false
grid rate=10000000 rtt=300ms loss=0,19,8.650,0.865,302.8,364.1,364.1,302.8,309.5,88,81.8,0,0,1.000,false
grid rate=10000000 rtt=300ms loss=0,20,8.650,0.865,302.8,364.1,364.1,302.8,309.5,88,81.8,0,0,1.000,false
grid rate=10000000 rtt=300ms loss=0.1%,1,8.549,0.855,302.8,384.0,384.0,302.8,306.6,89,165.0,0,56,1.000,false
grid rate=10000000 rtt=300ms loss=0.1%,2,8.592,0.859,302.8,379.3,379.3,302.8,310.5,89,96.9,0,54,1.000,false
grid rate=10000000 rtt=300ms loss=0.1%,3,8.630,0.863,302.8,364.1,364.1,302.8,310.5,88,81.8,0,56,1.000,false
grid rate=10000000 rtt=300ms loss=0.1%,4,8.505,0.851,302.8,388.9,388.9,303.8,388.9,89,163.8,0,67,1.000,false
grid rate=10000000 rtt=300ms loss=0.1%,5,6.974,0.697,344.7,599.5,599.5,367.0,599.5,86,365.5,409,65,1.000,false
grid rate=10000000 rtt=300ms loss=0.1%,6,8.397,0.840,302.8,431.1,431.1,303.8,309.7,91,168.7,0,49,1.000,false
grid rate=10000000 rtt=300ms loss=0.1%,7,8.638,0.864,302.8,362.2,362.2,302.8,309.5,88,81.8,0,57,1.000,false
grid rate=10000000 rtt=300ms loss=0.1%,8,8.497,0.850,302.8,753.3,753.3,302.8,609.6,88,165.0,0,55,1.000,false
grid rate=10000000 rtt=300ms loss=0.1%,9,8.555,0.855,302.8,351.1,351.1,302.8,305.7,89,196.7,0,44,1.000,false
grid rate=10000000 rtt=300ms loss=0.1%,10,8.608,0.861,302.8,364.1,364.1,302.8,306.6,89,165.0,0,48,1.000,false
grid rate=10000000 rtt=300ms loss=0.1%,11,8.635,0.863,302.8,365.1,365.1,302.8,308.6,88,83.0,0,68,1.000,false
grid rate=10000000 rtt=300ms loss=0.1%,12,6.822,0.682,303.8,1142.5,1142.5,350.4,599.4,90,365.6,2635,67,1.000,false
grid rate=10000000 rtt=300ms loss=0.1%,13,8.303,0.830,302.8,376.2,376.2,302.8,313.2,92,168.7,0,49,1.000,false
grid rate=10000000 rtt=300ms loss=0.1%,14,8.599,0.860,302.8,366.0,366.0,303.8,310.5,89,165.0,0,64,1.000,false
grid rate=10000000 rtt=300ms loss=0.1%,15,8.614,0.861,302.8,610.3,610.3,302.8,610.3,87,129.4,0,52,1.000,false
grid rate=10000000 rtt=300ms loss=0.1%,16,8.548,0.855,302.8,434.9,434.9,302.8,317.2,88,165.0,0,50,1.000,false
grid rate=10000000 rtt=300ms loss=0.1%,17,8.643,0.864,302.8,659.4,659.4,302.8,307.6,87,81.8,0,55,1.000,false
grid rate=10000000 rtt=300ms loss=0.1%,18,6.617,0.662,304.7,599.5,599.5,365.1,599.5,92,365.7,458,76,1.000,false
grid rate=10000000 rtt=300ms loss=0.1%,19,8.641,0.864,302.8,364.1,364.1,302.8,310.5,88,81.8,0,56,1.000,false
grid rate=10000000 rtt=300ms loss=0.1%,20,8.534,0.853,302.8,351.1,351.1,302.8,308.6,90,155.0,0,61,1.000,false
grid rate=10000000 rtt=300ms loss=1%,1,7.610,0.761,303.5,691.9,691.9,307.6,691.9,97,182.2,0,537,1.000,false
grid rate=10000000 rtt=300ms loss=1%,2,6.932,0.693,302.8,1428.0,1428.0,305.6,1428.0,96,365.0,36,574,1.000,false
grid rate=10000000 rtt=300ms loss=1%,3,7.523,0.752,302.8,632.9,632.9,304.5,632.9,99,155.8,0,579,1.000,false
grid rate=10000000 rtt=300ms loss=1%,4,7.211,0.721,306.7,792.2,792.2,308.6,637.1,100,202.8,0,567,1.000,false
grid rate=10000000 rtt=300ms loss=1%,5,7.701,0.770,303.8,627.3,627.3,303.8,613.4,96,197.8,0,509,1.000,false
grid rate=10000000 rtt=300ms loss=1%,6,6.180,0.618,303.2,592.2,598.0,316.2,598.0,103,365.0,811,556,1.000,false
grid rate=10000000 rtt=300ms loss=1%,7,7.390,0.739,302.9,711.7,711.7,304.4,711.7,99,187.2,0,519,1.000,false
grid rate=10000000 rtt=300ms loss=1%,8,6.822,0.682,304.7,640.8,942.2,307.6,942.2,101,365.0,23,570,1.000,false
grid rate=10000000 rtt=300ms loss=1%,9,6.798,0.680,301.0,553.5,574.6,314.2,574.6,103,365.0,275,536,1.000,false
grid rate=10000000 rtt=300ms loss=1%,10,6.747,0.675,314.3,916.1,916.1,320.0,916.1,100,365.0,81,589,1.000,false
grid rate=10000000 rtt=300ms loss=1%,11,7.598,0.760,303.8,855.5,855.5,303.8,613.7,93,182.5,0,579,1.000,false
grid rate=10000000 rtt=300ms loss=1%,12,6.950,0.695,303.8,1214.3,1214.3,304.7,1214.3,98,365.0,215,555,1.000,false
grid rate=10000000 rtt=300ms loss=1%,13,6.548,0.655,302.9,614.3,635.7,303.8,614.3,112,199.2,0,537,1.000,false
grid rate=10000000 rtt=300ms loss=1%,14,6.803,0.680,304.7,956.6,956.6,310.2,956.6,100,365.0,128,542,1.000,false
grid rate=10000000 rtt=300ms loss=1%,15,8.174,0.817,303.8,712.0,712.0,303.8,712.0,91,196.8,0,551,1.000,false
grid rate=10000000 rtt=300ms loss=1%,16,8.179,0.818,303.6,634.5,634.5,303.8,634.5,89,155.4,0,519,1.000,false
grid rate=10000000 rtt=300ms loss=1%,17,7.936,0.794,303.6,405.2,405.2,303.8,405.2,95,160.3,0,580,1.000,false
grid rate=10000000 rtt=300ms loss=1%,18,7.307,0.731,302.8,414.9,611.5,303.8,611.5,102,194.6,0,604,1.000,false
grid rate=10000000 rtt=300ms loss=1%,19,7.700,0.770,302.8,398.4,398.4,303.8,398.4,98,166.8,0,569,1.000,false
grid rate=10000000 rtt=300ms loss=1%,20,7.360,0.736,305.4,719.7,719.7,308.6,719.7,97,199.0,0,542,1.000,false
grid rate=10000000 rtt=300ms loss=5%,1,4.173,0.417,300.1,1125.8,1562.9,312.3,1125.8,147,365.0,66,2845,1.000,false
grid rate=10000000 rtt=300ms loss=5%,2,3.976,0.398,300.8,926.5,926.7,301.5,920.9,155,193.5,0,2830,1.000,false
grid rate=10000000 rtt=300ms loss=5%,3,3.298,0.330,300.1,1364.8,1475.9,300.1,1364.8,189,149.7,0,2877,1.000,false
grid rate=10000000 rtt=300ms loss=5%,4,3.554,0.355,300.1,1035.0,1374.4,300.7,1035.0,190,193.4,0,2926,1.000,false
grid rate=10000000 rtt=300ms loss=5%,5,3.523,0.352,300.1,1212.3,1247.8,300.1,1212.3,179,365.0,185,2745,1.000,false
grid rate=10000000 rtt=300ms loss=5%,6,5.419,0.542,315.1,1052.3,1086.7,319.9,1086.7,109,365.0,336,2805,1.000,false
grid rate=10000000 rtt=300ms loss=5%,7,3.345,0.334,300.1,635.5,869.1,300.1,657.7,212,180.7,0,2885,1.000,false
grid rate=10000000 rtt=300ms loss=5%,8,4.143,0.414,300.7,996.9,1127.3,303.8,996.9,158,202.8,0,2763,1.000,false
grid rate=10000000 rtt=300ms loss=5%,9,3.671,0.367,300.1,787.2,788.9,300.1,787.2,185,186.8,0,2858,1.000,false
grid rate=10000000 rtt=300ms loss=5%,10,3.831,0.383,300.1,1492.0,2036.5,300.1,1492.0,171,182.4,0,2996,1.000,false
grid rate=10000000 rtt=300ms loss=5%,11,3.599,0.360,300.1,793.1,987.6,300.1,793.1,190,237.7,0,2879,1.000,false
grid rate=10000000 rtt=300ms loss=5%,12,4.617,0.462,310.6,1312.5,1480.3,311.5,878.4,127,201.3,0,2847,1.000,false
grid rate=10000000 rtt=300ms loss=5%,13,5.052,0.505,304.3,803.3,865.3,305.0,803.3,132,196.0,0,2762,1.000,false
grid rate=10000000 rtt=300ms loss=5%,14,4.773,0.477,306.1,1369.4,1396.8,308.3,1369.4,130,193.0,0,2803,1.000,false
grid rate=10000000 rtt=300ms loss=5%,15,4.365,0.436,302.2,927.0,1201.1,302.9,848.8,151,198.6,0,2858,1.000,false
grid rate=10000000 rtt=300ms loss=5%,16,4.547,0.455,300.8,943.9,969.5,303.3,943.9,144,196.3,0,2813,1.000,false
grid rate=10000000 rtt=300ms loss=5%,17,4.148,0.415,301.4,1221.3,1459.4,304.7,1221.3,154,204.5,0,2872,1.000,false
grid rate=10000000 rtt=300ms loss=5%,18,5.530,0.553,351.6,1299.5,1299.5,361.1,1299.5,96,365.0,348,2835,1.000,false
grid rate=10000000 rtt=300ms loss=5%,19,3.928,0.393,300.1,855.5,1407.3,300.1,731.7,173,205.6,0,2835,1.000,false
grid rate=10000000 rtt=300ms loss=5%,20,4.297,0.430,300.1,1311.3,1347.6,300.7,1084.1,153,201.8,0,2845,1.000,false
grid rate=100000000 rtt=20ms loss=0,1,87.684,0.877,20.4,40.0,96.5,20.3,20.5,277,243.9,12731,0,1.000,false
grid rate=100000000 rtt=20ms loss=0,2,87.684,0.877,20.4,40.0,96.5,20.3,20.5,277,243.9,12731,0,1.000,false
grid rate=100000000 rtt=20ms loss=0,3,87.169,0.872,20.4,40.0,88.9,20.3,20.5,284,244.0,12392,0,1.000,false
grid rate=100000000 rtt=20ms loss=0,4,87.684,0.877,20.4,40.0,96.5,20.3,20.5,277,243.9,12731,0,1.000,false
grid rate=100000000 rtt=20ms loss=0,5,88.665,0.887,20.4,88.9,102.7,20.3,20.5,290,243.9,10289,0,1.000,false
grid rate=100000000 rtt=20ms loss=0,6,88.665,0.887,20.4,88.9,102.7,20.3,20.5,290,243.9,10289,0,1.000,false
grid rate=100000000 rtt=20ms loss=0,7,85.917,0.859,20.9,40.0,98.2,20.3,21.7,271,244.0,14108,0,1.000,false
grid rate=100000000 rtt=20ms loss=0,8,87.169,0.872,20.4,40.0,88.9,20.3,20.5,284,244.0,12392,0,1.000,false
grid rate=100000000 rtt=20ms loss=0,9,88.665,0.887,20.4,88.9,102.7,20.3,20.5,290,243.9,10289,0,1.000,false
grid rate=100000000 rtt=20ms loss=0,10,88.665,0.887,20.4,88.9,102.7,20.3,20.5,290,243.9,10289,0,1.000,false
grid rate=100000000 rtt=20ms loss=0,11,88.665,0.887,20.4,88.9,102.7,20.3,20.5,290,243.9,10289,0,1.000,false
grid rate=100000000 rtt=20ms loss=0,12,88.665,0.887,20.4,88.9,102.7,20.3,20.5,290,243.9,10289,0,1.000,false
grid rate=100000000 rtt=20ms loss=0,13,87.684,0.877,20.4,40.0,96.5,20.3,20.5,277,243.9,12731,0,1.000,false
grid rate=100000000 rtt=20ms loss=0,14,88.665,0.887,20.4,88.9,102.7,20.3,20.5,290,243.9,10289,0,1.000,false
grid rate=100000000 rtt=20ms loss=0,15,87.169,0.872,20.4,40.0,88.9,20.3,20.5,284,244.0,12392,0,1.000,false
grid rate=100000000 rtt=20ms loss=0,16,87.684,0.877,20.4,40.0,96.5,20.3,20.5,277,243.9,12731,0,1.000,false
grid rate=100000000 rtt=20ms loss=0,17,88.665,0.887,20.4,88.9,102.7,20.3,20.5,290,243.9,10289,0,1.000,false
grid rate=100000000 rtt=20ms loss=0,18,87.684,0.877,20.4,40.0,96.5,20.3,20.5,277,243.9,12731,0,1.000,false
grid rate=100000000 rtt=20ms loss=0,19,87.169,0.872,20.4,40.0,88.9,20.3,20.5,284,244.0,12392,0,1.000,false
grid rate=100000000 rtt=20ms loss=0,20,88.665,0.887,20.4,88.9,102.7,20.3,20.5,290,243.9,10289,0,1.000,false
grid rate=100000000 rtt=20ms loss=0.1%,1,87.764,0.878,20.4,102.0,103.6,20.3,20.6,285,243.9,10433,202,1.000,false
grid rate=100000000 rtt=20ms loss=0.1%,2,87.574,0.876,20.7,41.5,101.5,20.3,21.8,277,244.0,12418,199,1.000,false
grid rate=100000000 rtt=20ms loss=0.1%,3,84.228,0.842,20.5,101.5,110.9,20.3,28.2,277,243.9,13789,179,1.000,false
grid rate=100000000 rtt=20ms loss=0.1%,4,87.140,0.871,20.5,101.4,106.8,20.3,21.0,281,244.0,12313,227,1.000,false
grid rate=100000000 rtt=20ms loss=0.1%,5,88.915,0.889,20.4,93.4,94.5,20.3,20.6,263,244.0,13829,180,1.000,false
grid rate=100000000 rtt=20ms loss=0.1%,6,86.757,0.868,20.6,40.0,92.4,20.5,26.7,326,243.9,2680,220,1.000,false
grid rate=100000000 rtt=20ms loss=0.1%,7,91.019,0.910,20.3,29.2,63.2,20.3,20.6,335,243.0,36,175,1.000,false
grid rate=100000000 rtt=20ms loss=0.1%,8,91.223,0.912,20.3,29.9,73.9,20.3,20.6,330,145.8,0,164,1.000,false
grid rate=100000000 rtt=20ms loss=0.1%,9,84.350,0.844,20.8,40.0,99.2,20.5,28.9,329,243.7,4261,182,1.000,false
grid rate=100000000 rtt=20ms loss=0.1%,10,89.201,0.892,20.4,41.7,92.6,20.3,20.5,300,243.8,8026,198,1.000,false
grid rate=100000000 rtt=20ms loss=0.1%,11,86.012,0.860,20.5,41.8,99.4,20.3,23.9,276,243.9,13363,203,1.000,false
grid rate=100000000 rtt=20ms loss=0.1%,12,92.296,0.923,20.3,30.6,31.2,20.3,20.6,328,152.0,0,144,1.000,false
grid rate=100000000 rtt=20ms loss=0.1%,13,84.948,0.849,20.6,40.0,40.0,20.6,28.7,334,243.9,1136,202,1.000,false
grid rate=100000000 rtt=20ms loss=0.1%,14,84.172,0.842,20.7,40.0,40.0,20.9,26.9,337,243.7,3171,198,1.000,false
grid rate=100000000 rtt=20ms loss=0.1%,15,84.111,0.841,21.0,40.0,99.5,20.6,26.7,313,243.7,8143,198,1.000,false
grid rate=100000000 rtt=20ms loss=0.1%,16,82.637,0.826,24.1,104.9,106.1,21.5,40.0,249,244.0,18357,171,1.000,false
grid rate=100000000 rtt=20ms loss=0.1%,17,85.953,0.860,20.8,40.0,95.7,20.6,24.1,323,243.9,5285,186,1.000,false
grid rate=100000000 rtt=20ms loss=0.1%,18,88.090,0.881,20.4,37.7,40.0,20.3,20.6,328,243.8,1072,218,1.000,false
grid rate=100000000 rtt=20ms loss=0.1%,19,92.203,0.922,20.3,30.8,41.6,20.3,20.6,330,159.9,0,137,1.000,false
grid rate=100000000 rtt=20ms loss=0.1%,20,90.955,0.910,20.3,37.2,38.5,20.3,20.5,331,243.7,1015,202,1.000,false
grid rate=100000000 rtt=20ms loss=1%,1,91.052,0.911,20.4,41.7,42.8,20.4,41.7,331,76.2,0,1626,1.000,false
grid rate=100000000 rtt=20ms loss=1%,2,87.933,0.879,20.4,41.8,41.9,20.4,41.9,340,212.7,0,1631,1.000,false
grid rate=100000000 rtt=20ms loss=1%,3,85.344,0.853,20.4,54.1,66.9,20.4,41.7,338,116.4,0,1660,1.000,false
grid rate=100000000 rtt=20ms loss=1%,4,90.400,0.904,20.4,23.1,41.9,20.4,20.6,339,85.4,0,1601,1.000,false
grid rate=100000000 rtt=20ms loss=1%,5,89.769,0.898,20.3,41.8,41.9,20.4,20.8,341,79.4,0,1547,1.000,false
grid rate=100000000 rtt=20ms loss=1%,6,90.169,0.902,20.4,41.6,41.9,20.4,41.6,332,168.9,0,1555,1.000,false
grid rate=100000000 rtt=20ms loss=1%,7,86.158,0.862,20.4,42.0,57.5,20.4,41.6,340,243.7,570,1619,1.000,false
grid rate=100000000 rtt=20ms loss=1%,8,87.909,0.879,20.3,41.4,94.2,20.3,41.4,337,243.5,889,1633,1.000,false
grid rate=100000000 rtt=20ms loss=1%,9,86.974,0.870,20.4,41.4,63.5,20.4,41.4,337,243.2,819,1578,1.000,false
grid rate=100000000 rtt=20ms loss=1%,10,87.717,0.877,20.4,42.0,67.1,20.4,41.5,333,214.0,0,1602,1.000,false
grid rate=100000000 rtt=20ms loss=1%,11,89.906,0.899,20.4,22.8,42.0,20.4,20.6,341,76.9,0,1652,1.000,false
grid rate=100000000 rtt=20ms loss=1%,12,89.469,0.895,20.4,41.6,41.9,20.4,20.7,334,242.9,27,1582,1.000,false
grid rate=100000000 rtt=20ms loss=1%,13,87.993,0.880,20.4,41.9,49.4,20.4,41.9,337,243.0,490,1606,1.000,false
grid rate=100000000 rtt=20ms loss=1%,14,85.960,0.860,20.4,66.6,93.9,20.3,41.8,321,243.9,1203,1603,1.000,false
grid rate=100000000 rtt=20ms loss=1%,15,89.672,0.897,20.4,41.8,86.8,20.4,20.7,332,193.9,0,1609,1.000,false
grid rate=100000000 rtt=20ms loss=1%,16,90.512,0.905,20.4,41.8,43.8,20.4,20.7,332,149.8,0,1534,1.000,false
grid rate=100000000 rtt=20ms loss=1%,17,89.761,0.898,20.4,41.7,56.6,20.4,41.5,333,210.6,0,1606,1.000,false
grid rate=100000000 rtt=20ms loss=1%,18,88.715,0.887,20.4,42.0,70.2,20.4,41.7,332,242.6,5,1640,1.000,false
grid rate=100000000 rtt=20ms loss=1%,19,87.345,0.873,20.3,46.1,63.1,20.3,41.8,338,179.1,0,1612,1.000,false
grid rate=100000000 rtt=20ms loss=1%,20,87.866,0.879,20.4,41.7,43.2,20.4,41.7,335,243.0,43,1607,1.000,false
grid rate=100000000 rtt=20ms loss=5%,1,64.059,0.641,20.5,64.6,170.9,20.5,51.6,399,243.0,28,7852,1.000,false
grid rate=100000000 rtt=20ms loss=5%,2,63.856,0.639,20.5,60.6,109.4,20.5,56.1,411,212.2,0,7835,1.000,false
grid rate=100000000 rtt=20ms loss=5%,3,69.757,0.698,20.6,68.7,126.5,20.5,80.7,358,242.7,5,8076,1.000,false
grid rate=100000000 rtt=20ms loss=5%,4,73.241,0.732,20.5,79.6,114.3,20.5,57.8,335,243.0,9,7886,1.000,false
grid rate=100000000 rtt=20ms loss=5%,5,70.069,0.701,20.5,63.7,100.9,20.6,63.7,355,243.0,16,7703,1.000,false
grid rate=100000000 rtt=20ms loss=5%,6,72.434,0.724,20.5,67.9,135.6,20.5,75.0,356,207.0,0,7872,1.000,false
grid rate=100000000 rtt=20ms loss=5%,7,69.631,0.696,20.5,83.0,246.3,20.5,134.7,362,201.9,0,7935,1.000,false
grid rate=100000000 rtt=20ms loss=5%,8,71.008,0.710,20.5,65.9,109.9,20.5,58.1,367,213.4,0,7761,1.000,false
grid rate=100000000 rtt=20ms loss=5%,9,69.027,0.690,20.5,83.2,122.1,20.5,76.1,370,213.5,0,7998,1.000,false
grid rate=100000000 rtt=20ms loss=5%,10,68.557,0.686,20.4,66.9,264.0,20.5,82.1,378,149.7,0,7900,1.000,false
grid rate=100000000 rtt=20ms loss=5%,11,57.237,0.572,20.5,65.5,83.3,20.5,57.9,444,202.3,0,7933,1.000,false
grid rate=100000000 rtt=20ms loss=5%,12,63.039,0.630,20.5,65.6,104.9,20.5,61.0,404,193.0,0,7771,1.000,false
grid rate=100000000 rtt=20ms loss=5%,13,70.292,0.703,20.6,66.3,125.4,20.6,66.3,350,218.1,0,7887,1.000,false
grid rate=100000000 rtt=20ms loss=5%,14,67.469,0.675,20.6,76.9,140.1,20.5,104.0,357,242.9,18,7771,1.000,false
grid rate=100000000 rtt=20ms loss=5%,15,70.477,0.705,20.4,60.7,94.4,20.5,58.0,380,139.2,0,7851,1.000,false
grid rate=100000000 rtt=20ms loss=5%,16,69.209,0.692,20.5,82.2,117.8,20.5,75.5,366,213.4,0,7934,1.000,false
grid rate=100000000 rtt=20ms loss=5%,17,71.028,0.710,20.6,62.5,91.2,20.5,61.2,364,217.5,0,7844,1.000,false
grid rate=100000000 rtt=20ms loss=5%,18,63.875,0.639,20.4,83.7,149.4,20.5,83.7,396,156.1,0,7953,1.000,false
grid rate=100000000 rtt=20ms loss=5%,19,72.130,0.721,20.5,71.1,151.5,20.6,71.9,351,138.3,0,7802,1.000,false
grid rate=100000000 rtt=20ms loss=5%,20,69.279,0.693,20.5,65.0,456.9,20.5,106.3,351,147.6,0,7828,1.000,false
grid rate=100000000 rtt=100ms loss=0,1,79.495,0.795,100.3,125.1,125.1,100.3,101.1,83,418.5,0,0,1.000,false
grid rate=100000000 rtt=100ms loss=0,2,79.495,0.795,100.3,125.1,125.1,100.3,101.1,83,418.5,0,0,1.000,false
grid rate=100000000 rtt=100ms loss=0,3,79.495,0.795,100.3,125.1,125.1,100.3,101.1,83,418.5,0,0,1.000,false
grid rate=100000000 rtt=100ms loss=0,4,79.495,0.795,100.3,125.1,125.1,100.3,101.1,83,418.5,0,0,1.000,false
grid rate=100000000 rtt=100ms loss=0,5,79.495,0.795,100.3,125.1,125.1,100.3,101.1,83,418.5,0,0,1.000,false
grid rate=100000000 rtt=100ms loss=0,6,79.495,0.795,100.3,125.1,125.1,100.3,101.1,83,418.5,0,0,1.000,false
grid rate=100000000 rtt=100ms loss=0,7,79.495,0.795,100.3,125.1,125.1,100.3,101.1,83,418.5,0,0,1.000,false
grid rate=100000000 rtt=100ms loss=0,8,79.495,0.795,100.3,125.1,125.1,100.3,101.1,83,418.5,0,0,1.000,false
grid rate=100000000 rtt=100ms loss=0,9,79.495,0.795,100.3,125.1,125.1,100.3,101.1,83,418.5,0,0,1.000,false
grid rate=100000000 rtt=100ms loss=0,10,79.495,0.795,100.3,125.1,125.1,100.3,101.1,83,418.5,0,0,1.000,false
grid rate=100000000 rtt=100ms loss=0,11,79.495,0.795,100.3,125.1,125.1,100.3,101.1,83,418.5,0,0,1.000,false
grid rate=100000000 rtt=100ms loss=0,12,79.495,0.795,100.3,125.1,125.1,100.3,101.1,83,418.5,0,0,1.000,false
grid rate=100000000 rtt=100ms loss=0,13,79.495,0.795,100.3,125.1,125.1,100.3,101.1,83,418.5,0,0,1.000,false
grid rate=100000000 rtt=100ms loss=0,14,79.495,0.795,100.3,125.1,125.1,100.3,101.1,83,418.5,0,0,1.000,false
grid rate=100000000 rtt=100ms loss=0,15,79.495,0.795,100.3,125.1,125.1,100.3,101.1,83,418.5,0,0,1.000,false
grid rate=100000000 rtt=100ms loss=0,16,79.495,0.795,100.3,125.1,125.1,100.3,101.1,83,418.5,0,0,1.000,false
grid rate=100000000 rtt=100ms loss=0,17,79.495,0.795,100.3,125.1,125.1,100.3,101.1,83,418.5,0,0,1.000,false
grid rate=100000000 rtt=100ms loss=0,18,79.495,0.795,100.3,125.1,125.1,100.3,101.1,83,418.5,0,0,1.000,false
grid rate=100000000 rtt=100ms loss=0,19,79.495,0.795,100.3,125.1,125.1,100.3,101.1,83,418.5,0,0,1.000,false
grid rate=100000000 rtt=100ms loss=0,20,79.495,0.795,100.3,125.1,125.1,100.3,101.1,83,418.5,0,0,1.000,false
grid rate=100000000 rtt=100ms loss=0.1%,1,70.688,0.707,139.5,477.0,477.0,157.0,477.0,66,1220.3,16323,178,1.000,false
grid rate=100000000 rtt=100ms loss=0.1%,2,75.346,0.753,150.3,199.9,199.9,180.3,199.9,61,1220.6,14257,171,1.000,false
grid rate=100000000 rtt=100ms loss=0.1%,3,77.176,0.772,100.5,171.1,171.1,100.7,112.0,83,903.6,0,145,1.000,false
grid rate=100000000 rtt=100ms loss=0.1%,4,71.597,0.716,101.5,259.9,259.9,101.0,259.9,88,923.9,0,186,1.000,false
grid rate=100000000 rtt=100ms loss=0.1%,5,73.320,0.733,104.1,153.1,153.1,107.9,123.5,84,728.8,0,140,1.000,false
grid rate=100000000 rtt=100ms loss=0.1%,6,77.282,0.773,100.7,150.5,150.5,101.4,120.9,81,640.0,0,152,1.000,false
grid rate=100000000 rtt=100ms loss=0.1%,7,67.877,0.679,131.3,200.0,200.0,181.0,200.0,70,1220.2,17422,170,1.000,false
grid rate=100000000 rtt=100ms loss=0.1%,8,76.047,0.760,100.3,151.2,151.2,100.4,110.6,84,657.3,0,164,1.000,false
grid rate=100000000 rtt=100ms loss=0.1%,9,70.775,0.708,100.2,168.2,168.2,100.2,131.7,88,924.5,0,142,1.000,false
grid rate=100000000 rtt=100ms loss=0.1%,10,75.228,0.752,100.1,142.6,142.6,100.8,119.2,85,722.2,0,148,1.000,false
grid rate=100000000 rtt=100ms loss=0.1%,11,75.645,0.756,101.2,151.8,151.8,100.4,112.4,84,728.9,0,170,1.000,false
grid rate=100000000 rtt=100ms loss=0.1%,12,60.818,0.608,104.8,379.5,379.5,117.1,341.7,82,1219.5,2255,164,1.000,false
grid rate=100000000 rtt=100ms loss=0.1%,13,76.647,0.766,101.0,141.7,141.7,102.5,111.4,84,531.8,0,140,1.000,false
grid rate=100000000 rtt=100ms loss=0.1%,14,76.116,0.761,100.1,143.2,143.2,100.2,120.3,85,582.2,0,148,1.000,false
grid rate=100000000 rtt=100ms loss=0.1%,15,72.626,0.726,103.7,146.6,146.6,104.3,123.7,86,729.1,0,144,1.000,false
grid rate=100000000 rtt=100ms loss=0.1%,16,72.224,0.722,100.3,200.0,200.0,100.3,190.9,84,1220.2,2257,167,1.000,false
grid rate=100000000 rtt=100ms loss=0.1%,17,77.715,0.777,103.8,153.0,153.0,101.0,120.0,80,650.5,0,139,1.000,false
grid rate=100000000 rtt=100ms loss=0.1%,18,71.422,0.714,100.2,254.5,254.5,100.2,105.1,87,656.2,0,163,1.000,false
grid rate=100000000 rtt=100ms loss=0.1%,19,75.443,0.754,100.4,138.7,138.7,100.2,116.0,84,658.5,0,137,1.000,false
grid rate=100000000 rtt=100ms loss=0.1%,20,63.396,0.634,100.2,180.1,180.1,100.7,139.3,95,1219.5,2371,180,1.000,false
grid rate=100000000 rtt=100ms loss=1%,1,45.096,0.451,100.0,273.0,274.7,103.3,274.7,137,881.8,0,1568,1.000,false
grid rate=100000000 rtt=100ms loss=1%,2,48.344,0.483,100.4,206.8,346.8,109.8,346.8,119,1220.0,1564,1558,1.000,false
grid rate=100000000 rtt=100ms loss=1%,3,56.080,0.561,100.1,218.6,253.6,106.7,253.6,113,909.3,0,1574,1.000,false
grid rate=100000000 rtt=100ms loss=1%,4,57.509,0.575,100.1,254.2,257.1,114.0,257.1,105,915.4,0,1514,1.000,false
grid rate=100000000 rtt=100ms loss=1%,5,52.118,0.521,100.1,266.1,279.0,107.9,279.0,116,914.8,0,1479,1.000,false
grid rate=100000000 rtt=100ms loss=1%,6,52.999,0.530,100.0,153.6,156.0,104.7,156.0,119,916.1,0,1461,1.000,false
grid rate=100000000 rtt=100ms loss=1%,7,55.763,0.558,100.0,249.1,251.3,111.8,251.3,109,917.8,0,1508,1.000,false
grid rate=100000000 rtt=100ms loss=1%,8,50.842,0.508,102.2,274.3,400.4,107.5,274.3,117,921.0,0,1563,1.000,false
grid rate=100000000 rtt=100ms loss=1%,9,59.744,0.597,102.9,170.7,203.6,113.1,135.1,103,914.0,0,1488,1.000,false
grid rate=100000000 rtt=100ms loss=1%,10,51.814,0.518,100.0,202.9,225.6,106.5,225.6,121,919.3,0,1536,1.000,false
grid rate=100000000 rtt=100ms loss=1%,11,58.419,0.584,102.3,264.3,273.0,113.0,273.0,101,918.6,0,1578,1.000,false
grid rate=100000000 rtt=100ms loss=1%,12,52.754,0.528,104.1,261.5,358.6,109.7,358.6,104,1219.5,1273,1506,1.000,false
grid rate=100000000 rtt=100ms loss=1%,13,63.727,0.637,100.2,133.0,133.0,112.0,131.4,98,914.1,0,1489,1.000,false
grid rate=100000000 rtt=100ms loss=1%,14,65.631,0.656,100.2,224.1,224.1,101.8,224.1,96,920.5,0,1492,1.000,false
grid rate=100000000 rtt=100ms loss=1%,15,53.756,0.538,104.2,142.0,154.8,112.6,154.8,116,923.7,0,1533,1.000,false
grid rate=100000000 rtt=100ms loss=1%,16,54.544,0.545,109.5,179.8,346.4,113.8,346.4,101,1219.5,1881,1490,1.000,false
grid rate=100000000 rtt=100ms loss=1%,17,60.694,0.607,100.1,170.2,290.9,108.1,290.9,101,920.8,0,1536,1.000,false
grid rate=100000000 rtt=100ms loss=1%,18,52.176,0.522,100.8,235.8,245.4,105.1,245.4,118,899.7,0,1577,1.000,false
grid rate=100000000 rtt=100ms loss=1%,19,51.765,0.518,100.0,377.2,403.4,104.2,377.2,116,915.1,0,1521,1.000,false
grid rate=100000000 rtt=100ms loss=1%,20,59.691,0.597,100.7,143.5,157.4,108.6,157.4,105,915.8,0,1514,1.000,false
grid rate=100000000 rtt=100ms loss=5%,1,24.004,0.240,100.0,245.7,403.1,100.0,245.7,249,727.4,0,7804,1.000,false
grid rate=100000000 rtt=100ms loss=5%,2,21.475,0.215,100.0,234.2,263.5,100.0,230.8,284,641.0,0,7822,1.000,false
grid rate=100000000 rtt=100ms loss=5%,3,19.223,0.192,100.0,237.6,403.1,100.0,403.0,316,634.9,0,8111,1.000,false
grid rate=100000000 rtt=100ms loss=5%,4,25.276,0.253,100.0,302.1,555.5,100.0,302.1,223,615.0,0,7846,1.000,false
grid rate=100000000 rtt=100ms loss=5%,5,20.188,0.202,100.0,327.1,403.1,100.0,302.0,294,703.2,0,7736,1.000,false
grid rate=100000000 rtt=100ms loss=5%,6,19.392,0.194,100.0,230.7,263.5,100.0,229.9,309,560.0,0,7903,1.000,false
grid rate=100000000 rtt=100ms loss=5%,7,26.330,0.263,100.0,249.4,351.7,100.0,272.5,227,729.2,0,7890,1.000,false
grid rate=100000000 rtt=100ms loss=5%,8,16.551,0.166,100.0,221.7,428.5,100.0,221.7,365,470.9,0,7814,1.000,false
grid rate=100000000 rtt=100ms loss=5%,9,26.549,0.265,100.0,252.3,265.7,100.0,260.1,226,729.2,0,7940,1.000,false
grid rate=100000000 rtt=100ms loss=5%,10,20.867,0.209,100.0,410.9,594.5,100.0,313.4,275,703.2,0,7893,1.000,false
grid rate=100000000 rtt=100ms loss=5%,11,19.101,0.191,100.0,311.0,807.7,100.0,309.1,300,640.5,0,7884,1.000,false
grid rate=100000000 rtt=100ms loss=5%,12,20.958,0.210,100.0,303.8,590.5,100.0,220.2,284,728.9,0,7774,1.000,false
grid rate=100000000 rtt=100ms loss=5%,13,28.873,0.289,100.0,312.6,442.5,100.0,239.0,201,630.7,0,7816,1.000,false
grid rate=100000000 rtt=100ms loss=5%,14,17.220,0.172,100.0,224.6,439.1,100.0,224.6,345,726.9,0,7839,1.000,false
grid rate=100000000 rtt=100ms loss=5%,15,25.594,0.256,100.0,248.6,255.2,100.0,251.0,239,728.5,0,7815,1.000,false
grid rate=100000000 rtt=100ms loss=5%,16,25.562,0.256,100.0,346.7,403.1,100.0,365.4,221,729.0,0,7878,1.000,false
grid rate=100000000 rtt=100ms loss=5%,17,20.691,0.207,100.0,308.5,410.7,100.0,308.5,287,675.4,0,7860,1.000,false
grid rate=100000000 rtt=100ms loss=5%,18,21.687,0.217,100.0,300.8,627.8,100.0,300.8,259,872.0,0,7901,1.000,false
grid rate=100000000 rtt=100ms loss=5%,19,26.924,0.269,100.0,248.0,460.3,100.0,248.0,223,658.1,0,7773,1.000,false
grid rate=100000000 rtt=100ms loss=5%,20,25.125,0.251,100.0,375.6,488.1,100.0,403.4,231,719.1,0,7787,1.000,false
grid rate=100000000 rtt=300ms loss=0,1,49.627,0.496,300.0,499.9,499.9,302.8,499.9,46,2440.5,0,0,1.000,false
grid rate=100000000 rtt=300ms loss=0,2,49.627,0.496,300.0,499.9,499.9,302.8,499.9,46,2440.5,0,0,1.000,false
grid rate=100000000 rtt=300ms loss=0,3,49.627,0.496,300.0,499.9,499.9,302.8,499.9,46,2440.5,0,0,1.000,false
grid rate=100000000 rtt=300ms loss=0,4,49.627,0.496,300.0,499.9,499.9,302.8,499.9,46,2440.5,0,0,1.000,false
grid rate=100000000 rtt=300ms loss=0,5,49.627,0.496,300.0,499.9,499.9,302.8,499.9,46,2440.5,0,0,1.000,false
grid rate=100000000 rtt=300ms loss=0,6,49.627,0.496,300.0,499.9,499.9,302.8,499.9,46,2440.5,0,0,1.000,false
grid rate=100000000 rtt=300ms loss=0,7,49.627,0.496,300.0,499.9,499.9,302.8,499.9,46,2440.5,0,0,1.000,false
grid rate=100000000 rtt=300ms loss=0,8,49.627,0.496,300.0,499.9,499.9,302.8,499.9,46,2440.5,0,0,1.000,false
grid rate=100000000 rtt=300ms loss=0,9,49.627,0.496,300.0,499.9,499.9,302.8,499.9,46,2440.5,0,0,1.000,false
grid rate=100000000 rtt=300ms loss=0,10,49.627,0.496,300.0,499.9,499.9,302.8,499.9,46,2440.5,0,0,1.000,false
grid rate=100000000 rtt=300ms loss=0,11,49.627,0.496,300.0,499.9,499.9,302.8,499.9,46,2440.5,0,0,1.000,false
grid rate=100000000 rtt=300ms loss=0,12,49.627,0.496,300.0,499.9,499.9,302.8,499.9,46,2440.5,0,0,1.000,false
grid rate=100000000 rtt=300ms loss=0,13,49.627,0.496,300.0,499.9,499.9,302.8,499.9,46,2440.5,0,0,1.000,false
grid rate=100000000 rtt=300ms loss=0,14,49.627,0.496,300.0,499.9,499.9,302.8,499.9,46,2440.5,0,0,1.000,false
grid rate=100000000 rtt=300ms loss=0,15,49.627,0.496,300.0,499.9,499.9,302.8,499.9,46,2440.5,0,0,1.000,false
grid rate=100000000 rtt=300ms loss=0,16,49.627,0.496,300.0,499.9,499.9,302.8,499.9,46,2440.5,0,0,1.000,false
grid rate=100000000 rtt=300ms loss=0,17,49.627,0.496,300.0,499.9,499.9,302.8,499.9,46,2440.5,0,0,1.000,false
grid rate=100000000 rtt=300ms loss=0,18,49.627,0.496,300.0,499.9,499.9,302.8,499.9,46,2440.5,0,0,1.000,false
grid rate=100000000 rtt=300ms loss=0,19,49.627,0.496,300.0,499.9,499.9,302.8,499.9,46,2440.5,0,0,1.000,false
grid rate=100000000 rtt=300ms loss=0,20,49.627,0.496,300.0,499.9,499.9,302.8,499.9,46,2440.5,0,0,1.000,false
grid rate=100000000 rtt=300ms loss=0.1%,1,42.580,0.426,300.0,539.1,539.1,307.4,539.1,55,3202.6,0,191,1.000,false
grid rate=100000000 rtt=300ms loss=0.1%,2,50.829,0.508,300.0,586.6,586.6,363.9,586.6,45,3660.9,230,185,1.000,false
grid rate=100000000 rtt=300ms loss=0.1%,3,47.936,0.479,300.0,390.0,390.0,300.2,390.0,54,1229.4,0,161,1.000,false
grid rate=100000000 rtt=300ms loss=0.1%,4,44.361,0.444,300.0,516.6,516.6,318.1,516.6,53,3660.9,689,209,1.000,false
grid rate=100000000 rtt=300ms loss=0.1%,5,47.702,0.477,300.1,359.6,359.6,300.3,359.6,55,750.5,0,169,1.000,false
grid rate=100000000 rtt=300ms loss=0.1%,6,44.042,0.440,300.0,357.3,357.3,300.2,357.3,59,1246.7,0,186,1.000,false
grid rate=100000000 rtt=300ms loss=0.1%,7,45.571,0.456,300.0,372.4,372.4,300.0,372.4,56,1229.9,0,177,1.000,false
grid rate=100000000 rtt=300ms loss=0.1%,8,49.663,0.497,300.0,499.9,499.9,385.3,499.9,46,2592.5,0,187,1.000,false
grid rate=100000000 rtt=300ms loss=0.1%,9,56.230,0.562,306.0,499.9,499.9,370.7,499.9,40,3530.5,0,154,1.000,false
grid rate=100000000 rtt=300ms loss=0.1%,10,44.877,0.449,300.0,524.6,524.6,348.3,524.6,52,3307.9,0,174,1.000,false
grid rate=100000000 rtt=300ms loss=0.1%,11,43.973,0.440,300.0,498.6,498.6,304.7,498.6,53,3161.8,0,198,1.000,false
grid rate=100000000 rtt=300ms loss=0.1%,12,48.792,0.488,300.3,348.2,348.2,300.4,348.2,53,1151.4,0,167,1.000,false
grid rate=100000000 rtt=300ms loss=0.1%,13,51.465,0.515,300.2,375.2,375.2,300.4,375.2,51,1219.9,0,163,1.000,false
grid rate=100000000 rtt=300ms loss=0.1%,14,49.310,0.493,300.3,350.8,350.8,300.8,350.8,53,932.9,0,175,1.000,false
grid rate=100000000 rtt=300ms loss=0.1%,15,44.496,0.445,300.0,384.0,384.0,300.0,384.0,58,1229.1,0,163,1.000,false
grid rate=100000000 rtt=300ms loss=0.1%,16,54.356,0.544,302.9,499.1,499.1,395.1,499.1,41,3249.7,0,164,1.000,false
grid rate=100000000 rtt=300ms loss=0.1%,17,58.950,0.590,300.2,499.9,499.9,377.3,499.9,39,3660.9,376,161,1.000,false
grid rate=100000000 rtt=300ms loss=0.1%,18,46.179,0.462,300.0,306.8,306.8,300.0,306.8,57,745.7,0,184,1.000,false
grid rate=100000000 rtt=300ms loss=0.1%,19,44.881,0.449,300.1,368.9,368.9,300.3,368.9,58,1113.9,0,162,1.000,false
grid rate=100000000 rtt=300ms loss=0.1%,20,50.503,0.505,300.0,501.8,501.8,338.0,501.8,46,3235.3,0,179,1.000,false
grid rate=100000000 rtt=300ms loss=1%,1,38.603,0.386,300.0,403.4,403.4,300.0,403.4,67,1356.3,0,1773,1.000,false
grid rate=100000000 rtt=300ms loss=1%,2,29.734,0.297,300.0,711.7,711.7,300.0,711.7,86,1268.3,0,1764,1.000,false
grid rate=100000000 rtt=300ms loss=1%,3,26.581,0.266,300.0,603.8,603.8,300.0,603.8,96,1299.4,0,1832,1.000,false
grid rate=100000000 rtt=300ms loss=1%,4,29.133,0.291,300.0,790.1,790.1,303.8,601.0,83,3119.4,0,1761,1.000,false
grid rate=100000000 rtt=300ms loss=1%,5,26.767,0.268,300.0,818.9,818.9,300.0,818.9,91,2158.9,0,1699,1.000,false
grid rate=100000000 rtt=300ms loss=1%,6,28.530,0.285,300.0,1050.2,1050.2,300.0,407.2,87,2925.1,0,1690,1.000,false
grid rate=100000000 rtt=300ms loss=1%,7,31.314,0.313,300.0,440.7,440.7,300.0,440.7,80,2913.5,0,1745,1.000,false
grid rate=100000000 rtt=300ms loss=1%,8,33.996,0.340,300.0,662.3,662.3,300.0,662.3,74,1362.6,0,1774,1.000,false
grid rate=100000000 rtt=300ms loss=1%,9,28.074,0.281,300.0,607.2,607.2,300.0,607.2,91,1678.5,0,1699,1.000,false
grid rate=100000000 rtt=300ms loss=1%,10,28.246,0.282,300.0,870.2,870.2,300.0,870.2,84,2101.2,0,1765,1.000,false
grid rate=100000000 rtt=300ms loss=1%,11,21.571,0.216,300.0,601.0,610.8,300.0,331.4,119,1276.3,0,1789,1.000,false
grid rate=100000000 rtt=300ms loss=1%,12,30.916,0.309,300.0,605.9,605.9,300.0,605.9,83,1295.4,0,1712,1.000,false
grid rate=100000000 rtt=300ms loss=1%,13,40.741,0.407,300.0,358.7,358.7,300.0,358.7,64,1019.1,0,1742,1.000,false
grid rate=100000000 rtt=300ms loss=1%,14,32.541,0.325,300.0,673.1,673.1,300.0,673.1,74,1236.9,0,1724,1.000,false
grid rate=100000000 rtt=300ms loss=1%,15,31.801,0.318,300.0,707.0,707.0,300.0,404.6,76,1526.7,0,1745,1.000,false
grid rate=100000000 rtt=300ms loss=1%,16,31.825,0.318,300.0,411.9,411.9,301.5,411.9,79,2972.0,0,1684,1.000,false
grid rate=100000000 rtt=300ms loss=1%,17,25.785,0.258,300.0,957.7,957.7,300.0,957.7,95,2997.7,0,1795,1.000,false
grid rate=100000000 rtt=300ms loss=1%,18,23.177,0.232,300.0,666.1,1050.2,300.0,666.1,107,1239.9,0,1802,1.000,false
grid rate=100000000 rtt=300ms loss=1%,19,29.658,0.297,300.0,847.4,847.4,300.0,847.4,82,3054.5,0,1771,1.000,false
grid rate=100000000 rtt=300ms loss=1%,20,23.173,0.232,300.0,404.0,905.9,300.0,905.9,109,1745.1,0,1752,1.000,false
grid rate=100000000 rtt=300ms loss=5%,1,9.449,0.094,300.0,639.3,1205.8,300.0,639.3,249,968.0,0,8938,1.000,false
grid rate=100000000 rtt=300ms loss=5%,2,7.910,0.079,300.0,1202.1,1203.2,300.0,1202.1,292,9.2,0,8905,1.000,false
grid rate=100000000 rtt=300ms loss=5%,3,10.099,0.101,300.0,901.0,902.2,300.0,901.0,227,9.0,0,9135,1.000,false
grid rate=100000000 rtt=300ms loss=5%,4,6.345,0.063,300.0,901.0,1203.1,300.0,661.3,372,968.9,0,9101,1.000,false
grid rate=100000000 rtt=300ms loss=5%,5,8.677,0.087,300.0,901.0,1203.1,300.0,606.1,265,9.1,0,8824,1.000,false
grid rate=100000000 rtt=300ms loss=5%,6,6.699,0.067,300.0,902.1,1203.1,300.0,902.1,344,8.9,0,9062,1.000,false
grid rate=100000000 rtt=300ms loss=5%,7,5.513,0.055,300.0,619.1,1243.1,300.0,601.1,424,4.6,0,9201,1.000,false
grid rate=100000000 rtt=300ms loss=5%,8,7.854,0.079,300.0,612.5,1503.1,300.0,630.5,306,949.8,0,8827,1.000,false
grid rate=100000000 rtt=300ms loss=5%,9,7.353,0.074,300.0,601.5,1203.0,300.0,601.5,324,838.3,0,9083,1.000,false
grid rate=100000000 rtt=300ms loss=5%,10,9.865,0.099,300.0,606.1,1200.4,300.0,601.1,242,9.2,0,8984,1.000,false
grid rate=100000000 rtt=300ms loss=5%,11,5.838,0.058,300.0,1203.2,1869.3,300.0,1203.2,380,8.9,0,9079,1.000,false
grid rate=100000000 rtt=300ms loss=5%,12,9.058,0.091,300.0,650.6,1207.8,300.0,639.5,260,773.8,0,8850,1.000,false
grid rate=100000000 rtt=300ms loss=5%,13,9.021,0.090,300.0,901.4,1203.3,300.0,901.1,256,623.3,0,9017,1.000,false
grid rate=100000000 rtt=300ms loss=5%,14,7.541,0.075,300.0,601.2,1203.0,300.0,601.1,317,8.9,0,8905,1.000,false
grid rate=100000000 rtt=300ms loss=5%,15,9.226,0.092,300.0,902.2,1203.4,300.0,902.2,254,9.6,0,8938,1.000,false
grid rate=100000000 rtt=300ms loss=5%,16,7.602,0.076,300.0,631.3,1203.1,300.0,669.5,317,968.2,0,9034,1.000,false
grid rate=100000000 rtt=300ms loss=5%,17,8.415,0.084,300.0,959.4,1203.1,300.0,601.2,277,8.9,0,9047,1.000,false
grid rate=100000000 rtt=300ms loss=5%,18,12.813,0.128,300.0,853.3,1600.8,300.0,696.7,181,968.7,0,8903,1.000,false
grid rate=100000000 rtt=300ms loss=5%,19,9.709,0.097,300.0,625.4,1200.4,300.0,608.3,252,719.5,0,8951,1.000,false
grid rate=100000000 rtt=300ms loss=5%,20,8.273,0.083,300.0,602.0,1266.0,300.0,601.1,291,9.2,0,8947,1.000,false
buffer=0.25xBDP rate=10M rtt=100ms,1,7.319,0.732,108.4,124.8,124.8,108.4,124.8,247,30.3,6236,0,1.000,false
buffer=0.25xBDP rate=10M rtt=100ms,2,7.703,0.770,105.3,124.8,124.8,105.3,124.8,238,30.3,5114,0,1.000,false
buffer=0.25xBDP rate=10M rtt=100ms,3,7.319,0.732,108.4,124.8,124.8,108.4,124.8,247,30.3,6236,0,1.000,false
buffer=0.25xBDP rate=10M rtt=100ms,4,7.319,0.732,108.4,124.8,124.8,108.4,124.8,247,30.3,6236,0,1.000,false
buffer=0.25xBDP rate=10M rtt=100ms,5,7.319,0.732,108.4,124.8,124.8,108.4,124.8,247,30.3,6236,0,1.000,false
buffer=0.25xBDP rate=10M rtt=100ms,6,7.691,0.769,105.5,124.8,124.8,105.5,124.8,238,30.4,5654,0,1.000,false
buffer=0.25xBDP rate=10M rtt=100ms,7,7.319,0.732,108.4,124.8,124.8,108.4,124.8,247,30.3,6236,0,1.000,false
buffer=0.25xBDP rate=10M rtt=100ms,8,7.319,0.732,108.4,124.8,124.8,108.4,124.8,247,30.3,6236,0,1.000,false
buffer=0.25xBDP rate=10M rtt=100ms,9,7.703,0.770,105.3,124.8,124.8,105.3,124.8,238,30.3,5114,0,1.000,false
buffer=0.25xBDP rate=10M rtt=100ms,10,7.691,0.769,105.5,124.8,124.8,105.5,124.8,238,30.4,5654,0,1.000,false
buffer=0.25xBDP rate=10M rtt=100ms,11,7.319,0.732,108.4,124.8,124.8,108.4,124.8,247,30.3,6236,0,1.000,false
buffer=0.25xBDP rate=10M rtt=100ms,12,7.319,0.732,108.4,124.8,124.8,108.4,124.8,247,30.3,6236,0,1.000,false
buffer=0.25xBDP rate=10M rtt=100ms,13,7.319,0.732,108.4,124.8,124.8,108.4,124.8,247,30.3,6236,0,1.000,false
buffer=0.25xBDP rate=10M rtt=100ms,14,7.703,0.770,105.3,124.8,124.8,105.3,124.8,238,30.3,5114,0,1.000,false
buffer=0.25xBDP rate=10M rtt=100ms,15,7.703,0.770,105.3,124.8,124.8,105.3,124.8,238,30.3,5114,0,1.000,false
buffer=0.25xBDP rate=10M rtt=100ms,16,7.691,0.769,105.5,124.8,124.8,105.5,124.8,238,30.4,5654,0,1.000,false
buffer=0.25xBDP rate=10M rtt=100ms,17,7.703,0.770,105.3,124.8,124.8,105.3,124.8,238,30.3,5114,0,1.000,false
buffer=0.25xBDP rate=10M rtt=100ms,18,7.703,0.770,105.3,124.8,124.8,105.3,124.8,238,30.3,5114,0,1.000,false
buffer=0.25xBDP rate=10M rtt=100ms,19,7.319,0.732,108.4,124.8,124.8,108.4,124.8,247,30.3,6236,0,1.000,false
buffer=0.25xBDP rate=10M rtt=100ms,20,7.431,0.743,108.2,124.8,124.8,108.4,124.8,244,30.3,6310,0,1.000,false
buffer=4xBDP rate=10M rtt=100ms,1,9.135,0.913,103.3,150.4,155.3,103.3,105.3,209,67.6,0,0,1.000,false
buffer=4xBDP rate=10M rtt=100ms,2,9.135,0.913,103.3,150.4,155.3,103.3,105.3,209,67.6,0,0,1.000,false
buffer=4xBDP rate=10M rtt=100ms,3,9.135,0.913,103.3,150.4,155.3,103.3,105.3,209,67.6,0,0,1.000,false
buffer=4xBDP rate=10M rtt=100ms,4,9.135,0.913,103.3,150.4,155.3,103.3,105.3,209,67.6,0,0,1.000,false
buffer=4xBDP rate=10M rtt=100ms,5,9.135,0.913,103.3,150.4,155.3,103.3,105.3,209,67.6,0,0,1.000,false
buffer=4xBDP rate=10M rtt=100ms,6,9.135,0.913,103.3,150.4,155.3,103.3,105.3,209,67.6,0,0,1.000,false
buffer=4xBDP rate=10M rtt=100ms,7,9.135,0.913,103.3,150.4,155.3,103.3,105.3,209,67.6,0,0,1.000,false
buffer=4xBDP rate=10M rtt=100ms,8,9.135,0.913,103.3,150.4,155.3,103.3,105.3,209,67.6,0,0,1.000,false
buffer=4xBDP rate=10M rtt=100ms,9,9.135,0.913,103.3,150.4,155.3,103.3,105.3,209,67.6,0,0,1.000,false
buffer=4xBDP rate=10M rtt=100ms,10,9.135,0.913,103.3,150.4,155.3,103.3,105.3,209,67.6,0,0,1.000,false
buffer=4xBDP rate=10M rtt=100ms,11,9.135,0.913,103.3,150.4,155.3,103.3,105.3,209,67.6,0,0,1.000,false
buffer=4xBDP rate=10M rtt=100ms,12,9.135,0.913,103.3,150.4,155.3,103.3,105.3,209,67.6,0,0,1.000,false
buffer=4xBDP rate=10M rtt=100ms,13,9.135,0.913,103.3,150.4,155.3,103.3,105.3,209,67.6,0,0,1.000,false
buffer=4xBDP rate=10M rtt=100ms,14,9.135,0.913,103.3,150.4,155.3,103.3,105.3,209,67.6,0,0,1.000,false
buffer=4xBDP rate=10M rtt=100ms,15,9.135,0.913,103.3,150.4,155.3,103.3,105.3,209,67.6,0,0,1.000,false
buffer=4xBDP rate=10M rtt=100ms,16,9.135,0.913,103.3,150.4,155.3,103.3,105.3,209,67.6,0,0,1.000,false
buffer=4xBDP rate=10M rtt=100ms,17,9.135,0.913,103.3,150.4,155.3,103.3,105.3,209,67.6,0,0,1.000,false
buffer=4xBDP rate=10M rtt=100ms,18,9.135,0.913,103.3,150.4,155.3,103.3,105.3,209,67.6,0,0,1.000,false
buffer=4xBDP rate=10M rtt=100ms,19,9.135,0.913,103.3,150.4,155.3,103.3,105.3,209,67.6,0,0,1.000,false
buffer=4xBDP rate=10M rtt=100ms,20,9.135,0.913,103.3,150.4,155.3,103.3,105.3,209,67.6,0,0,1.000,false
buffer=16xBDP rate=10M rtt=100ms,1,9.135,0.913,103.3,150.4,155.3,103.3,105.3,209,67.6,0,0,1.000,false
buffer=16xBDP rate=10M rtt=100ms,2,9.135,0.913,103.3,150.4,155.3,103.3,105.3,209,67.6,0,0,1.000,false
buffer=16xBDP rate=10M rtt=100ms,3,9.135,0.913,103.3,150.4,155.3,103.3,105.3,209,67.6,0,0,1.000,false
buffer=16xBDP rate=10M rtt=100ms,4,9.135,0.913,103.3,150.4,155.3,103.3,105.3,209,67.6,0,0,1.000,false
buffer=16xBDP rate=10M rtt=100ms,5,9.135,0.913,103.3,150.4,155.3,103.3,105.3,209,67.6,0,0,1.000,false
buffer=16xBDP rate=10M rtt=100ms,6,9.135,0.913,103.3,150.4,155.3,103.3,105.3,209,67.6,0,0,1.000,false
buffer=16xBDP rate=10M rtt=100ms,7,9.135,0.913,103.3,150.4,155.3,103.3,105.3,209,67.6,0,0,1.000,false
buffer=16xBDP rate=10M rtt=100ms,8,9.135,0.913,103.3,150.4,155.3,103.3,105.3,209,67.6,0,0,1.000,false
buffer=16xBDP rate=10M rtt=100ms,9,9.135,0.913,103.3,150.4,155.3,103.3,105.3,209,67.6,0,0,1.000,false
buffer=16xBDP rate=10M rtt=100ms,10,9.135,0.913,103.3,150.4,155.3,103.3,105.3,209,67.6,0,0,1.000,false
buffer=16xBDP rate=10M rtt=100ms,11,9.135,0.913,103.3,150.4,155.3,103.3,105.3,209,67.6,0,0,1.000,false
buffer=16xBDP rate=10M rtt=100ms,12,9.135,0.913,103.3,150.4,155.3,103.3,105.3,209,67.6,0,0,1.000,false
buffer=16xBDP rate=10M rtt=100ms,13,9.135,0.913,103.3,150.4,155.3,103.3,105.3,209,67.6,0,0,1.000,false
buffer=16xBDP rate=10M rtt=100ms,14,9.135,0.913,103.3,150.4,155.3,103.3,105.3,209,67.6,0,0,1.000,false
buffer=16xBDP rate=10M rtt=100ms,15,9.135,0.913,103.3,150.4,155.3,103.3,105.3,209,67.6,0,0,1.000,false
buffer=16xBDP rate=10M rtt=100ms,16,9.135,0.913,103.3,150.4,155.3,103.3,105.3,209,67.6,0,0,1.000,false
buffer=16xBDP rate=10M rtt=100ms,17,9.135,0.913,103.3,150.4,155.3,103.3,105.3,209,67.6,0,0,1.000,false
buffer=16xBDP rate=10M rtt=100ms,18,9.135,0.913,103.3,150.4,155.3,103.3,105.3,209,67.6,0,0,1.000,false
buffer=16xBDP rate=10M rtt=100ms,19,9.135,0.913,103.3,150.4,155.3,103.3,105.3,209,67.6,0,0,1.000,false
buffer=16xBDP rate=10M rtt=100ms,20,9.135,0.913,103.3,150.4,155.3,103.3,105.3,209,67.6,0,0,1.000,false
reorder jitter=8ms rate=10M rtt=20ms,1,2.551,0.255,20.9,29.7,32.1,21.0,29.7,2329,8.7,0,0,1.000,false
reorder jitter=8ms rate=10M rtt=20ms,2,2.544,0.254,20.7,29.7,31.6,20.7,29.7,2352,7.9,0,0,1.000,false
reorder jitter=8ms rate=10M rtt=20ms,3,2.551,0.255,20.9,29.7,32.9,20.9,29.7,2333,8.5,0,0,1.000,false
reorder jitter=8ms rate=10M rtt=20ms,4,2.554,0.255,21.0,29.8,32.1,21.0,29.8,2330,7.6,0,0,1.000,false
reorder jitter=8ms rate=10M rtt=20ms,5,2.575,0.258,20.9,29.6,31.6,20.8,29.8,2318,7.8,0,0,1.000,false
reorder jitter=8ms rate=10M rtt=20ms,6,2.552,0.255,21.0,29.9,32.0,21.0,29.9,2330,7.4,0,0,1.000,false
reorder jitter=8ms rate=10M rtt=20ms,7,2.535,0.254,20.7,29.6,31.5,20.7,29.6,2362,9.1,0,0,1.000,false
reorder jitter=8ms rate=10M rtt=20ms,8,2.535,0.253,20.7,29.6,31.6,20.7,29.6,2358,7.5,0,0,1.000,false
reorder jitter=8ms rate=10M rtt=20ms,9,2.570,0.257,20.8,29.7,31.6,20.8,29.7,2323,6.9,0,0,1.000,false
reorder jitter=8ms rate=10M rtt=20ms,10,2.558,0.256,20.6,29.7,31.1,20.5,29.7,2341,8.0,0,0,1.000,false
reorder jitter=8ms rate=10M rtt=20ms,11,2.549,0.255,20.7,29.6,31.5,20.7,29.6,2341,7.3,0,0,1.000,false
reorder jitter=8ms rate=10M rtt=20ms,12,2.579,0.258,20.9,29.7,33.8,20.9,29.7,2309,8.7,0,0,1.000,false
reorder jitter=8ms rate=10M rtt=20ms,13,2.538,0.254,20.6,29.6,31.0,20.5,29.6,2357,7.2,0,0,1.000,false
reorder jitter=8ms rate=10M rtt=20ms,14,2.578,0.258,20.9,29.5,31.4,20.9,29.5,2308,7.5,0,0,1.000,false
reorder jitter=8ms rate=10M rtt=20ms,15,2.565,0.256,21.1,29.6,32.2,21.1,29.6,2320,9.2,0,0,1.000,false
reorder jitter=8ms rate=10M rtt=20ms,16,2.545,0.255,20.9,29.7,31.5,20.9,29.6,2344,8.4,0,0,1.000,false
reorder jitter=8ms rate=10M rtt=20ms,17,2.534,0.253,20.7,29.8,31.8,20.7,29.8,2352,9.9,0,0,1.000,false
reorder jitter=8ms rate=10M rtt=20ms,18,2.537,0.254,20.7,29.5,31.4,20.6,29.4,2362,7.8,0,0,1.000,false
reorder jitter=8ms rate=10M rtt=20ms,19,2.549,0.255,20.9,29.4,31.2,20.9,29.4,2335,7.2,0,0,1.000,false
reorder jitter=8ms rate=10M rtt=20ms,20,2.540,0.254,20.9,30.0,32.1,20.9,30.0,2344,8.2,0,0,1.000,false
burst loss rate=10M rtt=100ms,1,8.707,0.871,103.7,152.3,434.0,103.7,240.1,213,91.1,0,503,1.000,false
burst loss rate=10M rtt=100ms,2,9.065,0.906,104.3,149.5,596.1,104.3,113.2,205,72.5,0,569,1.000,false
burst loss rate=10M rtt=100ms,3,9.082,0.908,104.3,210.8,1005.5,103.7,210.8,198,72.3,0,441,1.000,false
burst loss rate=10M rtt=100ms,4,5.633,0.563,100.1,148.7,8914.5,102.4,148.7,262,60.8,0,548,1.000,false
burst loss rate=10M rtt=100ms,5,9.054,0.905,104.3,429.4,450.9,104.3,432.3,201,79.5,0,522,1.000,false
burst loss rate=10M rtt=100ms,6,9.044,0.904,103.4,460.4,858.5,103.4,460.4,197,75.8,0,484,1.000,false
burst loss rate=10M rtt=100ms,7,9.085,0.908,103.6,437.6,872.8,103.6,437.6,198,87.8,0,524,1.000,false
burst loss rate=10M rtt=100ms,8,9.072,0.907,104.3,155.3,430.2,104.3,222.4,203,67.6,0,436,1.000,false
burst loss rate=10M rtt=100ms,9,8.928,0.893,104.3,154.3,429.7,104.3,216.9,206,90.3,0,487,1.000,false
burst loss rate=10M rtt=100ms,10,8.977,0.898,103.6,142.7,152.3,103.6,115.2,211,99.8,0,460,1.000,false
burst loss rate=10M rtt=100ms,11,8.987,0.899,104.3,155.3,447.6,104.3,220.6,207,67.6,0,584,1.000,false
burst loss rate=10M rtt=100ms,12,8.858,0.886,104.3,148.4,152.3,104.3,129.3,211,118.0,0,545,1.000,false
burst loss rate=10M rtt=100ms,13,8.927,0.893,104.3,292.5,2324.5,104.3,214.0,200,79.4,0,575,1.000,false
burst loss rate=10M rtt=100ms,14,7.273,0.727,103.4,1268.2,3538.6,104.3,2224.7,223,65.3,0,567,1.000,false
burst loss rate=10M rtt=100ms,15,9.072,0.907,104.2,152.3,211.7,103.7,114.2,207,71.3,0,522,1.000,false
burst loss rate=10M rtt=100ms,16,9.027,0.903,103.4,149.5,155.3,103.6,118.0,209,67.6,0,459,1.000,false
burst loss rate=10M rtt=100ms,17,9.137,0.914,104.3,117.0,5321.4,104.3,112.9,167,77.2,0,553,1.000,false
burst loss rate=10M rtt=100ms,18,8.752,0.875,103.4,527.5,975.4,103.6,121.8,201,91.9,0,605,1.000,false
burst loss rate=10M rtt=100ms,19,8.439,0.844,105.3,199.4,199.9,105.3,199.3,184,122.0,3682,632,1.000,false
burst loss rate=10M rtt=100ms,20,8.607,0.861,104.3,199.4,427.3,104.3,199.3,204,121.5,2028,664,1.000,false
step 10M-2M-10M rtt=100ms,1,8.028,0.803,103.3,398.9,594.7,103.3,135.5,225,120.8,18,0,1.000,false
step 10M-2M-10M rtt=100ms,2,8.028,0.803,103.3,398.9,594.7,103.3,135.5,225,120.8,18,0,1.000,false
step 10M-2M-10M rtt=100ms,3,8.028,0.803,103.3,398.9,594.7,103.3,135.5,225,120.8,18,0,1.000,false
step 10M-2M-10M rtt=100ms,4,8.028,0.803,103.3,398.9,594.7,103.3,135.5,225,120.8,18,0,1.000,false
step 10M-2M-10M rtt=100ms,5,8.028,0.803,103.3,398.9,594.7,103.3,135.5,225,120.8,18,0,1.000,false
step 10M-2M-10M rtt=100ms,6,8.028,0.803,103.3,398.9,594.7,103.3,135.5,225,120.8,18,0,1.000,false
step 10M-2M-10M rtt=100ms,7,8.028,0.803,103.3,398.9,594.7,103.3,135.5,225,120.8,18,0,1.000,false
step 10M-2M-10M rtt=100ms,8,8.028,0.803,103.3,398.9,594.7,103.3,135.5,225,120.8,18,0,1.000,false
step 10M-2M-10M rtt=100ms,9,8.028,0.803,103.3,398.9,594.7,103.3,135.5,225,120.8,18,0,1.000,false
step 10M-2M-10M rtt=100ms,10,8.028,0.803,103.3,398.9,594.7,103.3,135.5,225,120.8,18,0,1.000,false
step 10M-2M-10M rtt=100ms,11,8.028,0.803,103.3,398.9,594.7,103.3,135.5,225,120.8,18,0,1.000,false
step 10M-2M-10M rtt=100ms,12,8.028,0.803,103.3,398.9,594.7,103.3,135.5,225,120.8,18,0,1.000,false
step 10M-2M-10M rtt=100ms,13,8.028,0.803,103.3,398.9,594.7,103.3,135.5,225,120.8,18,0,1.000,false
step 10M-2M-10M rtt=100ms,14,8.028,0.803,103.3,398.9,594.7,103.3,135.5,225,120.8,18,0,1.000,false
step 10M-2M-10M rtt=100ms,15,8.028,0.803,103.3,398.9,594.7,103.3,135.5,225,120.8,18,0,1.000,false
step 10M-2M-10M rtt=100ms,16,8.028,0.803,103.3,398.9,594.7,103.3,135.5,225,120.8,18,0,1.000,false
step 10M-2M-10M rtt=100ms,17,8.028,0.803,103.3,398.9,594.7,103.3,135.5,225,120.8,18,0,1.000,false
step 10M-2M-10M rtt=100ms,18,8.028,0.803,103.3,398.9,594.7,103.3,135.5,225,120.8,18,0,1.000,false
step 10M-2M-10M rtt=100ms,19,8.028,0.803,103.3,398.9,594.7,103.3,135.5,225,120.8,18,0,1.000,false
step 10M-2M-10M rtt=100ms,20,8.028,0.803,103.3,398.9,594.7,103.3,135.5,225,120.8,18,0,1.000,false
fair 2 flows rate=10M rtt=50ms,1,4.890,0.489,57.4,97.6,99.5,58.3,98.6,618,60.5,112,0,1.000,false
fair 2 flows rate=10M rtt=50ms,2,4.875,0.488,62.2,99.5,99.5,63.1,99.5,578,60.5,244,0,1.000,false
fair 2 flows rate=10M rtt=50ms,3,4.956,0.496,57.5,92.8,99.5,58.3,92.8,623,60.5,67,0,0.999,false
fair 2 flows rate=10M rtt=50ms,4,4.956,0.496,57.5,92.8,99.5,58.3,92.8,623,60.5,67,0,0.999,false
fair 2 flows rate=10M rtt=50ms,5,4.890,0.489,57.4,97.6,99.5,58.3,98.6,618,60.5,112,0,1.000,false
fair 2 flows rate=10M rtt=50ms,6,4.875,0.488,62.2,99.5,99.5,63.1,99.5,578,60.5,244,0,1.000,false
fair 2 flows rate=10M rtt=50ms,7,4.890,0.489,57.4,97.6,99.5,58.3,98.6,618,60.5,112,0,1.000,false
fair 2 flows rate=10M rtt=50ms,8,4.875,0.488,62.2,99.5,99.5,63.1,99.5,578,60.5,244,0,1.000,false
fair 2 flows rate=10M rtt=50ms,9,4.890,0.489,57.4,97.6,99.5,58.3,98.6,618,60.5,112,0,1.000,false
fair 2 flows rate=10M rtt=50ms,10,4.875,0.488,62.2,99.5,99.5,63.1,99.5,578,60.5,244,0,1.000,false
fair 2 flows rate=10M rtt=50ms,11,4.890,0.489,57.4,97.6,99.5,58.3,98.6,618,60.5,112,0,1.000,false
fair 2 flows rate=10M rtt=50ms,12,4.875,0.488,62.2,99.5,99.5,63.1,99.5,578,60.5,244,0,1.000,false
fair 2 flows rate=10M rtt=50ms,13,4.875,0.488,62.2,99.5,99.5,63.1,99.5,578,60.5,244,0,1.000,false
fair 2 flows rate=10M rtt=50ms,14,4.890,0.489,57.4,97.6,99.5,58.3,98.6,618,60.5,112,0,1.000,false
fair 2 flows rate=10M rtt=50ms,15,4.875,0.488,62.2,99.5,99.5,63.1,99.5,578,60.5,244,0,1.000,false
fair 2 flows rate=10M rtt=50ms,16,4.875,0.488,62.2,99.5,99.5,63.1,99.5,578,60.5,244,0,1.000,false
fair 2 flows rate=10M rtt=50ms,17,4.875,0.488,62.2,99.5,99.5,63.1,99.5,578,60.5,244,0,1.000,false
fair 2 flows rate=10M rtt=50ms,18,4.890,0.489,57.4,97.6,99.5,58.3,98.6,618,60.5,112,0,1.000,false
fair 2 flows rate=10M rtt=50ms,19,4.956,0.496,57.5,92.8,99.5,58.3,92.8,623,60.5,67,0,0.999,false
fair 2 flows rate=10M rtt=50ms,20,4.890,0.489,57.4,97.6,99.5,58.3,98.6,618,60.5,112,0,1.000,false
rtt-fair 2 flows 20ms vs 100ms rate=10M,1,6.017,0.602,28.7,39.2,73.8,28.7,39.2,1184,24.2,7709,0,0.969,false
rtt-fair 2 flows 20ms vs 100ms rate=10M,2,5.918,0.592,28.7,39.3,67.1,28.7,39.3,1175,24.3,7841,0,0.972,false
rtt-fair 2 flows 20ms vs 100ms rate=10M,3,6.017,0.602,28.7,39.2,73.8,28.7,39.2,1184,24.2,7709,0,0.969,false
rtt-fair 2 flows 20ms vs 100ms rate=10M,4,5.688,0.569,28.7,39.2,40.0,27.7,39.2,1139,24.3,5067,0,0.982,false
rtt-fair 2 flows 20ms vs 100ms rate=10M,5,6.017,0.602,28.7,39.2,73.8,28.7,39.2,1184,24.2,7709,0,0.969,false
rtt-fair 2 flows 20ms vs 100ms rate=10M,6,5.918,0.592,28.7,39.3,67.1,28.7,39.3,1175,24.3,7841,0,0.972,false
rtt-fair 2 flows 20ms vs 100ms rate=10M,7,6.017,0.602,28.7,39.2,73.8,28.7,39.2,1184,24.2,7709,0,0.969,false
rtt-fair 2 flows 20ms vs 100ms rate=10M,8,5.688,0.569,28.7,39.2,40.0,27.7,39.2,1139,24.3,5067,0,0.982,false
rtt-fair 2 flows 20ms vs 100ms rate=10M,9,5.688,0.569,28.7,39.2,40.0,27.7,39.2,1139,24.3,5067,0,0.982,false
rtt-fair 2 flows 20ms vs 100ms rate=10M,10,5.918,0.592,28.7,39.3,67.1,28.7,39.3,1175,24.3,7841,0,0.972,false
rtt-fair 2 flows 20ms vs 100ms rate=10M,11,5.688,0.569,28.7,39.2,40.0,27.7,39.2,1139,24.3,5067,0,0.982,false
rtt-fair 2 flows 20ms vs 100ms rate=10M,12,6.017,0.602,28.7,39.2,73.8,28.7,39.2,1184,24.2,7709,0,0.969,false
rtt-fair 2 flows 20ms vs 100ms rate=10M,13,5.918,0.592,28.7,39.3,67.1,28.7,39.3,1175,24.3,7841,0,0.972,false
rtt-fair 2 flows 20ms vs 100ms rate=10M,14,6.017,0.602,28.7,39.2,73.8,28.7,39.2,1184,24.2,7709,0,0.969,false
rtt-fair 2 flows 20ms vs 100ms rate=10M,15,5.891,0.589,27.7,39.2,39.4,28.6,39.2,1179,23.7,8093,0,0.973,false
rtt-fair 2 flows 20ms vs 100ms rate=10M,16,5.688,0.569,28.7,39.2,40.0,27.7,39.2,1139,24.3,5067,0,0.982,false
rtt-fair 2 flows 20ms vs 100ms rate=10M,17,6.017,0.602,28.7,39.2,73.8,28.7,39.2,1184,24.2,7709,0,0.969,false
rtt-fair 2 flows 20ms vs 100ms rate=10M,18,6.017,0.602,28.7,39.2,73.8,28.7,39.2,1184,24.2,7709,0,0.969,false
rtt-fair 2 flows 20ms vs 100ms rate=10M,19,5.918,0.592,28.7,39.3,67.1,28.7,39.3,1175,24.3,7841,0,0.972,false
rtt-fair 2 flows 20ms vs 100ms rate=10M,20,5.688,0.569,28.7,39.2,40.0,27.7,39.2,1139,24.3,5067,0,0.982,false

scenario,mean_steady_p99_ms,worst_steady_p99_ms,mean_capacity_share
buffer=0.25xBDP rate=10M rtt=100ms,124.8,124.8,0.750
buffer=16xBDP rate=10M rtt=100ms,105.3,105.3,0.913
buffer=4xBDP rate=10M rtt=100ms,105.3,105.3,0.913
burst loss rate=10M rtt=100ms,312.6,2224.7,0.869
fair 2 flows rate=10M rtt=50ms,98.1,99.5,0.489
grid rate=1000000 rtt=100ms loss=0,133.4,133.4,0.948
grid rate=1000000 rtt=100ms loss=0.1%,177.1,191.4,0.948
grid rate=1000000 rtt=100ms loss=1%,321.7,409.9,0.938
grid rate=1000000 rtt=100ms loss=5%,461.0,671.8,0.885
grid rate=1000000 rtt=20ms loss=0,33.0,33.0,0.672
grid rate=1000000 rtt=20ms loss=0.1%,39.7,39.9,0.875
grid rate=1000000 rtt=20ms loss=1%,93.8,152.9,0.860
grid rate=1000000 rtt=20ms loss=5%,743.5,1562.3,0.787
grid rate=1000000 rtt=300ms loss=0,363.2,363.2,0.950
grid rate=1000000 rtt=300ms loss=0.1%,403.4,430.3,0.944
grid rate=1000000 rtt=300ms loss=1%,746.0,812.9,0.934
grid rate=1000000 rtt=300ms loss=5%,1012.0,1385.8,0.884
grid rate=10000000 rtt=100ms loss=0,105.3,105.3,0.913
grid rate=10000000 rtt=100ms loss=0.1%,117.2,211.2,0.914
grid rate=10000000 rtt=100ms loss=1%,224.9,298.1,0.893
grid rate=10000000 rtt=100ms loss=5%,354.7,702.1,0.755
grid rate=10000000 rtt=20ms loss=0,24.8,24.8,0.952
grid rate=10000000 rtt=20ms loss=0.1%,27.7,37.3,0.951
grid rate=10000000 rtt=20ms loss=1%,51.7,61.0,0.937
grid rate=10000000 rtt=20ms loss=5%,77.2,109.9,0.876
grid rate=10000000 rtt=300ms loss=0,309.5,309.5,0.865
grid rate=10000000 rtt=300ms loss=0.1%,387.1,610.3,0.829
grid rate=10000000 rtt=300ms loss=1%,731.3,1428.0,0.727
grid rate=10000000 rtt=300ms loss=5%,1032.7,1492.0,0.419
grid rate=100000000 rtt=100ms loss=0,101.1,101.1,0.795
grid rate=100000000 rtt=100ms loss=0.1%,166.8,477.0,0.729
grid rate=100000000 rtt=100ms loss=1%,250.6,377.2,0.552
grid rate=100000000 rtt=100ms loss=5%,282.6,403.4,0.226
grid rate=100000000 rtt=20ms loss=0,20.6,21.7,0.879
grid rate=100000000 rtt=20ms loss=0.1%,24.1,40.0,0.875
grid rate=100000000 rtt=20ms loss=1%,35.4,41.9,0.885
grid rate=100000000 rtt=20ms loss=5%,74.1,134.7,0.683
grid rate=100000000 rtt=300ms loss=0,499.9,499.9,0.496
grid rate=100000000 rtt=300ms loss=0.1%,439.0,586.6,0.483
grid rate=100000000 rtt=300ms loss=1%,614.5,957.7,0.296
grid rate=100000000 rtt=300ms loss=5%,738.5,1203.2,0.084
grid rate=64000 rtt=100ms loss=0,360.5,360.5,0.929
grid rate=64000 rtt=100ms loss=0.1%,404.0,606.2,0.863
grid rate=64000 rtt=100ms loss=1%,735.6,807.6,0.841
grid rate=64000 rtt=100ms loss=5%,2701.7,3013.0,0.740
grid rate=64000 rtt=20ms loss=0,770.4,777.9,0.945
grid rate=64000 rtt=20ms loss=0.1%,725.0,779.9,0.943
grid rate=64000 rtt=20ms loss=1%,818.9,2283.2,0.914
grid rate=64000 rtt=20ms loss=5%,5029.5,7753.0,0.837
grid rate=64000 rtt=300ms loss=0,482.9,482.9,0.707
grid rate=64000 rtt=300ms loss=0.1%,1044.0,1353.7,0.894
grid rate=64000 rtt=300ms loss=1%,1645.6,2108.5,0.870
grid rate=64000 rtt=300ms loss=5%,2158.7,2726.2,0.775
reorder jitter=8ms rate=10M rtt=20ms,29.7,30.0,0.255
rtt-fair 2 flows 20ms vs 100ms rate=10M,39.2,39.3,0.589
step 10M-2M-10M rtt=100ms,135.5,135.5,0.803

failures: none
