scenario,seed,goodput_mbps,capacity_share,ping_p50_ms,ping_p99_ms,ping_max_ms,steady_p50_ms,steady_p99_ms,pings,peak_queue_kb,dropped_queue,dropped_loss,jain,stalled
grid rate=64000 rtt=20ms loss=0,1,0.059,0.921,267.2,620.4,772.1,267.2,620.4,1002,2.2,24954,0,1.000,false
grid rate=64000 rtt=20ms loss=0,2,0.059,0.921,267.2,620.4,772.1,267.2,620.4,1002,2.2,24954,0,1.000,false
grid rate=64000 rtt=20ms loss=0,3,0.059,0.921,267.2,620.4,772.1,267.2,620.4,1002,2.2,24954,0,1.000,false
grid rate=64000 rtt=20ms loss=0,4,0.059,0.921,267.2,620.4,772.1,267.2,620.4,1002,2.2,24954,0,1.000,false
grid rate=64000 rtt=20ms loss=0,5,0.059,0.921,267.2,620.4,772.1,267.2,620.4,1002,2.2,24954,0,1.000,false
grid rate=64000 rtt=20ms loss=0,6,0.059,0.921,267.2,620.4,772.1,267.2,620.4,1002,2.2,24954,0,1.000,false
grid rate=64000 rtt=20ms loss=0,7,0.059,0.921,267.2,620.4,772.1,267.2,620.4,1002,2.2,24954,0,1.000,false
grid rate=64000 rtt=20ms loss=0,8,0.059,0.921,267.2,620.4,772.1,267.2,620.4,1002,2.2,24954,0,1.000,false
grid rate=64000 rtt=20ms loss=0,9,0.059,0.921,267.2,620.4,772.1,267.2,620.4,1002,2.2,24954,0,1.000,false
grid rate=64000 rtt=20ms loss=0,10,0.059,0.921,267.2,620.4,772.1,267.2,620.4,1002,2.2,24954,0,1.000,false
grid rate=64000 rtt=20ms loss=0,11,0.059,0.921,267.2,620.4,772.1,267.2,620.4,1002,2.2,24954,0,1.000,false
grid rate=64000 rtt=20ms loss=0,12,0.059,0.921,267.2,620.4,772.1,267.2,620.4,1002,2.2,24954,0,1.000,false
grid rate=64000 rtt=20ms loss=0,13,0.059,0.921,267.2,620.4,772.1,267.2,620.4,1002,2.2,24954,0,1.000,false
grid rate=64000 rtt=20ms loss=0,14,0.059,0.921,267.2,620.4,772.1,267.2,620.4,1002,2.2,24954,0,1.000,false
grid rate=64000 rtt=20ms loss=0,15,0.059,0.921,267.2,620.4,772.1,267.2,620.4,1002,2.2,24954,0,1.000,false
grid rate=64000 rtt=20ms loss=0,16,0.059,0.921,267.2,620.4,772.1,267.2,620.4,1002,2.2,24954,0,1.000,false
grid rate=64000 rtt=20ms loss=0,17,0.059,0.925,281.1,620.4,772.1,281.1,620.4,996,2.2,25492,0,1.000,false
grid rate=64000 rtt=20ms loss=0,18,0.059,0.921,267.2,620.4,772.1,267.2,620.4,1002,2.2,24954,0,1.000,false
grid rate=64000 rtt=20ms loss=0,19,0.059,0.921,267.2,620.4,772.1,267.2,620.4,1002,2.2,24954,0,1.000,false
grid rate=64000 rtt=20ms loss=0,20,0.059,0.921,267.2,620.4,772.1,267.2,620.4,1002,2.2,24954,0,1.000,false
grid rate=64000 rtt=20ms loss=0.1%,1,0.059,0.920,267.2,620.4,770.0,267.2,620.4,1004,2.2,25326,62,1.000,false
grid rate=64000 rtt=20ms loss=0.1%,2,0.059,0.921,281.1,670.2,1270.9,281.1,670.2,1000,2.2,25452,56,1.000,false
grid rate=64000 rtt=20ms loss=0.1%,3,0.059,0.920,267.2,620.4,770.0,267.2,620.4,1005,2.2,25202,59,1.000,false
grid rate=64000 rtt=20ms loss=0.1%,4,0.059,0.920,259.2,520.6,702.2,259.2,520.6,1006,2.2,25002,71,1.000,false
grid rate=64000 rtt=20ms loss=0.1%,5,0.059,0.921,279.2,510.6,780.1,279.2,510.6,1002,2.2,25335,56,1.000,false
grid rate=64000 rtt=20ms loss=0.1%,6,0.059,0.918,267.2,597.5,780.1,267.2,597.5,1007,2.2,25064,56,1.000,false
grid rate=64000 rtt=20ms loss=0.1%,7,0.059,0.921,279.4,490.9,780.4,279.4,490.9,1003,2.2,25733,60,1.000,false
grid rate=64000 rtt=20ms loss=0.1%,8,0.059,0.921,281.1,678.2,799.8,281.1,678.2,999,2.2,25718,58,1.000,false
grid rate=64000 rtt=20ms loss=0.1%,9,0.060,0.935,281.1,626.5,807.9,281.1,626.5,986,2.2,24263,44,1.000,false
grid rate=64000 rtt=20ms loss=0.1%,10,0.059,0.922,281.1,620.4,779.5,281.1,620.4,1001,2.2,25221,55,1.000,false
grid rate=64000 rtt=20ms loss=0.1%,11,0.059,0.920,271.2,622.5,1244.8,271.2,626.5,1002,2.2,25385,70,1.000,false
grid rate=64000 rtt=20ms loss=0.1%,12,0.059,0.922,281.1,620.4,807.9,281.1,620.4,1000,2.2,25205,58,1.000,false
grid rate=64000 rtt=20ms loss=0.1%,13,0.059,0.921,280.5,620.4,1234.8,281.1,620.4,1001,2.2,25429,51,1.000,false
grid rate=64000 rtt=20ms loss=0.1%,14,0.059,0.919,267.0,620.4,780.1,267.0,620.4,1004,2.2,25216,68,1.000,false
grid rate=64000 rtt=20ms loss=0.1%,15,0.059,0.920,279.2,620.4,1260.8,279.2,622.2,1002,2.2,25298,58,1.000,false
grid rate=64000 rtt=20ms loss=0.1%,16,0.059,0.920,271.2,630.5,1458.2,271.2,670.2,1002,2.2,24975,52,1.000,false
grid rate=64000 rtt=20ms loss=0.1%,17,0.059,0.921,281.1,626.5,1468.4,281.1,630.5,1001,2.2,25383,60,1.000,false
grid rate=64000 rtt=20ms loss=0.1%,18,0.059,0.921,281.1,690.2,819.9,281.1,690.2,1001,2.2,25504,66,1.000,false
grid rate=64000 rtt=20ms loss=0.1%,19,0.059,0.916,244.7,620.4,770.0,244.7,620.4,1011,2.2,24795,61,1.000,false
grid rate=64000 rtt=20ms loss=0.1%,20,0.059,0.923,281.1,620.4,825.5,281.1,620.4,998,2.2,25474,65,1.000,false
grid rate=64000 rtt=20ms loss=1%,1,0.058,0.906,249.7,760.2,1917.5,249.7,760.2,1019,2.2,25778,560,1.000,false
grid rate=64000 rtt=20ms loss=1%,2,0.058,0.901,240.1,770.0,16673.1,240.1,770.0,1020,2.2,25281,583,1.000,false
grid rate=64000 rtt=20ms loss=1%,3,0.058,0.904,249.8,768.2,6603.6,249.8,768.2,1019,2.2,25666,604,1.000,false
grid rate=64000 rtt=20ms loss=1%,4,0.058,0.908,249.4,774.1,1949.2,249.4,774.1,1013,2.2,25563,577,1.000,false
grid rate=64000 rtt=20ms loss=1%,5,0.058,0.906,261.4,714.5,1927.2,261.4,714.5,1018,2.2,25604,521,1.000,false
grid rate=64000 rtt=20ms loss=1%,6,0.058,0.909,251.4,764.0,8475.4,251.4,764.0,1010,2.2,24449,562,1.000,false
grid rate=64000 rtt=20ms loss=1%,7,0.059,0.920,269.4,790.0,8564.8,269.4,790.0,997,2.2,23491,517,1.000,false
grid rate=64000 rtt=20ms loss=1%,8,0.058,0.906,256.8,778.1,1939.2,256.8,778.1,1017,2.2,25452,586,1.000,false
grid rate=64000 rtt=20ms loss=1%,9,0.058,0.906,269.4,770.0,1915.2,269.4,770.0,1016,2.2,25613,543,1.000,false
grid rate=64000 rtt=20ms loss=1%,10,0.058,0.910,269.4,800.2,16519.2,269.4,800.2,998,2.2,23630,589,1.000,false
grid rate=64000 rtt=20ms loss=1%,11,0.058,0.910,253.4,817.2,15854.8,253.4,817.2,1005,2.2,23564,581,1.000,false
grid rate=64000 rtt=20ms loss=1%,12,0.058,0.903,237.5,750.2,1943.5,237.5,750.2,1022,2.2,25085,574,1.000,false
grid rate=64000 rtt=20ms loss=1%,13,0.058,0.909,251.5,768.2,5231.0,251.5,768.2,1012,2.2,25529,558,1.000,false
grid rate=64000 rtt=20ms loss=1%,14,0.058,0.904,243.2,768.2,6500.0,243.2,768.2,1020,2.2,25685,550,1.000,false
grid rate=64000 rtt=20ms loss=1%,15,0.058,0.904,243.8,789.4,3689.4,243.8,789.4,1018,2.2,25483,579,1.000,false
grid rate=64000 rtt=20ms loss=1%,16,0.058,0.909,263.2,770.0,2303.6,263.2,770.0,1013,2.2,25247,531,1.000,false
grid rate=64000 rtt=20ms loss=1%,17,0.058,0.902,236.5,768.2,3833.0,236.5,768.2,1022,2.2,25212,607,1.000,false
grid rate=64000 rtt=20ms loss=1%,18,0.058,0.906,249.7,770.0,5797.0,249.7,770.0,1017,2.2,25475,633,1.000,false
grid rate=64000 rtt=20ms loss=1%,19,0.058,0.912,268.5,1284.8,15132.2,269.4,1284.8,1000,2.2,23406,558,1.000,false
grid rate=64000 rtt=20ms loss=1%,20,0.058,0.901,237.4,758.2,1935.2,237.4,758.2,1025,2.2,25368,566,1.000,false
grid rate=64000 rtt=20ms loss=5%,1,0.054,0.840,201.2,8721.0,18508.6,200.8,8721.0,1032,2.2,21883,2791,1.000,false
grid rate=64000 rtt=20ms loss=5%,2,0.054,0.839,209.8,7021.1,31219.4,209.8,7021.1,1012,2.2,21641,2772,1.000,false
grid rate=64000 rtt=20ms loss=5%,3,0.053,0.835,211.5,6692.7,18333.2,211.5,6692.7,1038,2.2,22142,2803,1.000,false
grid rate=64000 rtt=20ms loss=5%,4,0.054,0.839,211.5,7174.8,16972.2,211.5,7174.8,1026,2.2,21718,2839,1.000,false
grid rate=64000 rtt=20ms loss=5%,5,0.054,0.839,209.8,5277.0,28602.4,209.8,5277.0,1039,2.2,22048,2705,1.000,false
grid rate=64000 rtt=20ms loss=5%,6,0.054,0.839,209.7,6590.1,29706.9,209.7,6590.1,1037,2.2,22130,2789,1.000,false
grid rate=64000 rtt=20ms loss=5%,7,0.054,0.842,210.0,8682.9,29564.1,210.0,8682.9,1016,2.2,22063,2771,1.000,false
grid rate=64000 rtt=20ms loss=5%,8,0.054,0.843,209.8,4411.5,29104.5,209.8,4411.5,1035,2.2,22047,2718,1.000,false
grid rate=64000 rtt=20ms loss=5%,9,0.054,0.842,209.7,4688.5,25851.4,209.7,4688.5,1050,2.2,22040,2801,1.000,false
grid rate=64000 rtt=20ms loss=5%,10,0.053,0.833,209.8,4826.4,27261.3,209.8,4826.4,1050,2.2,21880,2898,1.000,false
grid rate=64000 rtt=20ms loss=5%,11,0.054,0.838,211.5,7404.0,18545.0,211.5,7404.0,1027,2.2,22061,2803,1.000,false
grid rate=64000 rtt=20ms loss=5%,12,0.054,0.837,211.5,2703.4,28877.6,211.5,2703.4,1034,2.2,21984,2804,1.000,false
grid rate=64000 rtt=20ms loss=5%,13,0.054,0.842,211.5,7001.1,21565.8,211.5,7001.1,1022,2.2,21972,2755,1.000,false
grid rate=64000 rtt=20ms loss=5%,14,0.054,0.841,208.0,11733.0,20992.9,208.0,12992.7,1002,2.2,22280,2772,1.000,false
grid rate=64000 rtt=20ms loss=5%,15,0.054,0.838,209.8,6751.6,27892.3,209.7,6751.6,1029,2.2,21925,2820,1.000,false
grid rate=64000 rtt=20ms loss=5%,16,0.053,0.835,209.7,6905.6,37298.5,209.7,6905.6,1038,2.2,21987,2756,1.000,false
grid rate=64000 rtt=20ms loss=5%,17,0.054,0.837,209.8,6748.7,28140.9,209.8,6748.7,1039,2.2,21721,2809,1.000,false
grid rate=64000 rtt=20ms loss=5%,18,0.053,0.832,209.7,9905.8,21406.6,209.7,9905.8,1038,2.2,21085,2861,1.000,false
grid rate=64000 rtt=20ms loss=5%,19,0.053,0.835,211.5,5086.0,20258.3,211.5,5086.0,1043,2.2,22137,2794,1.000,false
grid rate=64000 rtt=20ms loss=5%,20,0.054,0.841,211.5,8918.9,28291.7,211.5,8918.9,1018,2.2,22089,2806,1.000,false
grid rate=64000 rtt=100ms loss=0,1,0.056,0.869,181.9,388.1,1003.5,181.9,388.1,1077,2.2,20374,0,1.000,false
grid rate=64000 rtt=100ms loss=0,2,0.056,0.869,181.9,388.1,1003.5,181.9,388.1,1077,2.2,20374,0,1.000,false
grid rate=64000 rtt=100ms loss=0,3,0.056,0.869,181.9,388.1,1003.5,181.9,388.1,1077,2.2,20374,0,1.000,false
grid rate=64000 rtt=100ms loss=0,4,0.056,0.869,181.9,388.1,1003.5,181.9,388.1,1077,2.2,20374,0,1.000,false
grid rate=64000 rtt=100ms loss=0,5,0.056,0.869,181.9,388.1,1003.5,181.9,388.1,1077,2.2,20374,0,1.000,false
grid rate=64000 rtt=100ms loss=0,6,0.056,0.869,181.9,388.1,1003.5,181.9,388.1,1077,2.2,20374,0,1.000,false
grid rate=64000 rtt=100ms loss=0,7,0.056,0.869,181.9,388.1,1003.5,181.9,388.1,1077,2.2,20374,0,1.000,false
grid rate=64000 rtt=100ms loss=0,8,0.056,0.869,181.9,388.1,1003.5,181.9,388.1,1077,2.2,20374,0,1.000,false
grid rate=64000 rtt=100ms loss=0,9,0.056,0.869,181.9,388.1,1003.5,181.9,388.1,1077,2.2,20374,0,1.000,false
grid rate=64000 rtt=100ms loss=0,10,0.056,0.869,181.9,388.1,1003.5,181.9,388.1,1077,2.2,20374,0,1.000,false
grid rate=64000 rtt=100ms loss=0,11,0.056,0.869,181.9,388.1,1003.5,181.9,388.1,1077,2.2,20374,0,1.000,false
grid rate=64000 rtt=100ms loss=0,12,0.056,0.869,181.9,388.1,1003.5,181.9,388.1,1077,2.2,20374,0,1.000,false
grid rate=64000 rtt=100ms loss=0,13,0.056,0.869,181.9,388.1,1003.5,181.9,388.1,1077,2.2,20374,0,1.000,false
grid rate=64000 rtt=100ms loss=0,14,0.056,0.869,181.9,388.1,1003.5,181.9,388.1,1077,2.2,20374,0,1.000,false
grid rate=64000 rtt=100ms loss=0,15,0.056,0.869,181.9,388.1,1003.5,181.9,388.1,1077,2.2,20374,0,1.000,false
grid rate=64000 rtt=100ms loss=0,16,0.056,0.869,181.9,388.1,1003.5,181.9,388.1,1077,2.2,20374,0,1.000,false
grid rate=64000 rtt=100ms loss=0,17,0.056,0.869,181.9,388.1,1003.5,181.9,388.1,1077,2.2,20374,0,1.000,false
grid rate=64000 rtt=100ms loss=0,18,0.056,0.869,181.9,388.1,1003.5,181.9,388.1,1077,2.2,20374,0,1.000,false
grid rate=64000 rtt=100ms loss=0,19,0.056,0.869,181.9,388.1,1003.5,181.9,388.1,1077,2.2,20374,0,1.000,false
grid rate=64000 rtt=100ms loss=0,20,0.056,0.869,181.9,388.1,1003.5,181.9,388.1,1077,2.2,20374,0,1.000,false
grid rate=64000 rtt=100ms loss=0.1%,1,0.053,0.831,218.2,390.6,802.4,218.2,390.6,1119,2.2,30805,62,1.000,false
grid rate=64000 rtt=100ms loss=0.1%,2,0.054,0.847,205.9,630.8,901.9,205.9,630.8,1096,2.2,37290,55,1.000,false
grid rate=64000 rtt=100ms loss=0.1%,3,0.054,0.845,204.6,551.7,765.4,204.6,559.0,1102,2.2,34386,57,1.000,false
grid rate=64000 rtt=100ms loss=0.1%,4,0.054,0.851,218.2,397.4,859.1,218.2,397.4,1091,2.2,39805,67,1.000,false
grid rate=64000 rtt=100ms loss=0.1%,5,0.055,0.855,201.4,382.6,707.4,201.4,382.6,1090,2.2,40131,53,1.000,false
grid rate=64000 rtt=100ms loss=0.1%,6,0.054,0.839,221.3,392.9,807.5,221.3,392.9,1106,2.2,33722,51,1.000,false
grid rate=64000 rtt=100ms loss=0.1%,7,0.055,0.855,205.4,399.4,849.3,205.4,399.4,1089,2.2,40679,57,1.000,false
grid rate=64000 rtt=100ms loss=0.1%,8,0.054,0.845,213.1,397.4,813.1,213.1,397.4,1100,2.2,39101,56,1.000,false
grid rate=64000 rtt=100ms loss=0.1%,9,0.055,0.853,200.9,391.8,765.4,200.9,391.8,1092,2.2,41432,44,1.000,false
grid rate=64000 rtt=100ms loss=0.1%,10,0.054,0.846,218.2,397.4,1254.9,218.2,397.4,1098,2.2,37961,50,1.000,false
grid rate=64000 rtt=100ms loss=0.1%,11,0.054,0.843,205.9,394.1,953.4,205.9,394.1,1103,2.2,33915,70,1.000,false
grid rate=64000 rtt=100ms loss=0.1%,12,0.054,0.849,214.6,591.1,1204.4,214.6,591.1,1094,2.2,39022,55,1.000,false
grid rate=64000 rtt=100ms loss=0.1%,13,0.055,0.858,203.4,584.2,1501.1,203.4,584.2,1083,2.2,41419,49,1.000,false
grid rate=64000 rtt=100ms loss=0.1%,14,0.054,0.842,217.5,398.1,850.0,217.5,398.1,1103,2.2,36182,66,1.000,false
grid rate=64000 rtt=100ms loss=0.1%,15,0.056,0.872,199.4,397.0,1202.2,199.4,397.0,1069,2.2,68202,52,1.000,false
grid rate=64000 rtt=100ms loss=0.1%,16,0.054,0.849,210.9,393.4,1255.9,210.9,393.4,1095,2.2,37208,50,1.000,false
grid rate=64000 rtt=100ms loss=0.1%,17,0.055,0.866,199.4,382.6,705.0,199.4,382.6,1078,2.2,72126,56,1.000,false
grid rate=64000 rtt=100ms loss=0.1%,18,0.055,0.855,206.1,393.4,873.3,206.1,393.4,1087,2.2,40554,64,1.000,false
grid rate=64000 rtt=100ms loss=0.1%,19,0.054,0.850,218.5,392.1,771.7,218.5,392.1,1092,2.2,38332,56,1.000,false
grid rate=64000 rtt=100ms loss=0.1%,20,0.054,0.847,218.2,392.0,803.0,218.2,392.0,1096,2.2,37716,62,1.000,false
grid rate=64000 rtt=100ms loss=1%,1,0.055,0.860,225.8,702.6,1299.7,225.8,702.6,1076,2.2,61189,521,1.000,false
grid rate=64000 rtt=100ms loss=1%,2,0.054,0.844,227.7,737.5,1311.1,227.7,737.5,1096,2.2,52195,564,1.000,false
grid rate=64000 rtt=100ms loss=1%,3,0.055,0.861,227.7,723.5,1371.1,227.7,723.5,1072,2.2,63870,564,1.000,false
grid rate=64000 rtt=100ms loss=1%,4,0.052,0.814,227.4,744.2,1171.3,227.4,744.2,1137,2.2,37566,572,1.000,false
grid rate=64000 rtt=100ms loss=1%,5,0.053,0.826,225.0,712.9,1302.7,225.0,712.9,1120,2.2,38963,503,1.000,false
grid rate=64000 rtt=100ms loss=1%,6,0.052,0.813,223.4,759.1,1292.1,223.4,759.1,1138,2.2,35697,560,1.000,false
grid rate=64000 rtt=100ms loss=1%,7,0.053,0.833,229.8,723.9,1176.1,229.8,723.9,1111,2.2,46843,528,1.000,false
grid rate=64000 rtt=100ms loss=1%,8,0.056,0.872,227.4,690.6,1541.1,227.4,690.6,1060,2.2,66363,556,1.000,false
grid rate=64000 rtt=100ms loss=1%,9,0.056,0.869,217.5,592.6,1050.8,217.5,592.6,1067,2.2,62716,515,1.000,false
grid rate=64000 rtt=100ms loss=1%,10,0.052,0.820,230.1,785.5,2371.2,230.1,785.5,1126,2.2,38056,585,1.000,false
grid rate=64000 rtt=100ms loss=1%,11,0.053,0.832,230.5,803.9,3970.4,230.5,803.9,1105,2.2,47971,578,1.000,false
grid rate=64000 rtt=100ms loss=1%,12,0.053,0.823,231.4,664.0,1471.6,231.1,664.0,1125,2.2,39413,546,1.000,false
grid rate=64000 rtt=100ms loss=1%,13,0.056,0.874,228.0,716.2,1420.8,227.4,716.2,1056,2.2,67189,509,1.000,false
grid rate=64000 rtt=100ms loss=1%,14,0.055,0.867,218.2,691.0,2465.4,218.2,691.0,1067,2.2,63520,516,1.000,false
grid rate=64000 rtt=100ms loss=1%,15,0.051,0.797,225.7,714.6,1169.9,225.7,714.6,1163,2.2,32706,579,1.000,false
grid rate=64000 rtt=100ms loss=1%,16,0.052,0.812,226.8,740.6,1313.2,226.8,740.6,1141,2.2,36242,520,1.000,false
grid rate=64000 rtt=100ms loss=1%,17,0.055,0.864,225.4,741.0,1798.9,225.4,741.0,1069,2.2,62871,564,1.000,false
grid rate=64000 rtt=100ms loss=1%,18,0.052,0.807,226.2,788.7,1360.9,225.7,788.7,1147,2.2,37471,626,1.000,false
grid rate=64000 rtt=100ms loss=1%,19,0.053,0.823,228.8,670.7,947.2,228.8,670.7,1126,2.2,37816,561,1.000,false
grid rate=64000 rtt=100ms loss=1%,20,0.054,0.846,227.4,744.0,1281.0,227.4,744.0,1093,2.2,52591,541,1.000,false
grid rate=64000 rtt=100ms loss=5%,1,0.048,0.753,231.5,4178.1,9370.3,231.5,4178.1,1164,2.2,44867,2737,1.000,false
grid rate=64000 rtt=100ms loss=5%,2,0.048,0.745,230.6,2892.8,17964.9,230.6,2892.8,1184,2.2,42149,2766,1.000,false
grid rate=64000 rtt=100ms loss=5%,3,0.049,0.768,231.5,2991.1,7099.0,231.5,2991.1,1149,2.2,54386,2658,1.000,false
grid rate=64000 rtt=100ms loss=5%,4,0.046,0.725,230.5,2973.3,8258.6,230.5,2973.3,1217,2.2,33997,2883,1.000,false
grid rate=64000 rtt=100ms loss=5%,5,0.049,0.760,230.5,2774.9,9568.9,230.5,2774.9,1181,2.2,48302,2622,1.000,false
grid rate=64000 rtt=100ms loss=5%,6,0.049,0.763,231.5,2835.2,7810.0,231.5,2835.2,1152,2.2,47753,2691,1.000,false
grid rate=64000 rtt=100ms loss=5%,7,0.048,0.758,233.0,2729.4,6783.5,233.0,2729.4,1162,2.2,46475,2737,1.000,false
grid rate=64000 rtt=100ms loss=5%,8,0.046,0.725,231.5,2614.9,7326.1,231.5,2614.9,1240,2.2,33344,2770,1.000,false
grid rate=64000 rtt=100ms loss=5%,9,0.048,0.745,231.5,4931.2,10521.2,231.5,4931.2,1165,2.3,41002,2768,1.000,false
grid rate=64000 rtt=100ms loss=5%,10,0.046,0.717,230.5,2863.8,7012.2,230.5,2863.8,1240,2.2,31213,2962,1.000,false
grid rate=64000 rtt=100ms loss=5%,11,0.048,0.753,231.5,3171.6,12382.9,231.5,3171.6,1172,2.2,46707,2743,1.000,false
grid rate=64000 rtt=100ms loss=5%,12,0.048,0.747,231.5,2550.7,14727.6,231.5,2550.7,1196,2.2,48366,2817,1.000,false
grid rate=64000 rtt=100ms loss=5%,13,0.047,0.734,232.2,3295.4,9000.1,232.2,3295.4,1183,2.2,33268,2749,1.000,false
grid rate=64000 rtt=100ms loss=5%,14,0.049,0.772,231.5,2772.4,7137.4,231.5,2772.4,1155,2.2,53963,2684,1.000,false
grid rate=64000 rtt=100ms loss=5%,15,0.047,0.739,231.5,2807.8,30128.5,231.5,2807.8,1195,2.2,41874,2815,1.000,false
grid rate=64000 rtt=100ms loss=5%,16,0.047,0.741,231.4,3059.4,11901.0,231.2,3059.4,1193,2.2,42007,2741,1.000,false
grid rate=64000 rtt=100ms loss=5%,17,0.046,0.715,230.5,2823.7,12897.1,230.5,2823.7,1239,2.2,30256,2882,1.000,false
grid rate=64000 rtt=100ms loss=5%,18,0.049,0.763,233.0,3050.4,8375.1,232.5,3050.4,1148,2.2,48153,2731,1.000,false
grid rate=64000 rtt=100ms loss=5%,19,0.050,0.774,231.5,2639.3,9107.0,231.5,2639.3,1153,2.2,55897,2666,1.000,false
grid rate=64000 rtt=100ms loss=5%,20,0.046,0.720,230.5,2895.7,9317.5,230.5,2895.7,1232,2.2,32343,2843,1.000,false
grid rate=64000 rtt=300ms loss=0,1,0.045,0.704,355.2,502.6,502.6,355.2,502.6,1256,2.0,5048,0,1.000,false
grid rate=64000 rtt=300ms loss=0,2,0.045,0.704,355.2,502.6,502.6,355.2,502.6,1256,2.0,5048,0,1.000,false
grid rate=64000 rtt=300ms loss=0,3,0.045,0.704,355.2,502.6,502.6,355.2,502.6,1256,2.0,5048,0,1.000,false
grid rate=64000 rtt=300ms loss=0,4,0.045,0.704,355.2,502.6,502.6,355.2,502.6,1256,2.0,5048,0,1.000,false
grid rate=64000 rtt=300ms loss=0,5,0.045,0.704,355.2,502.6,502.6,355.2,502.6,1256,2.0,5048,0,1.000,false
grid rate=64000 rtt=300ms loss=0,6,0.045,0.704,355.2,502.6,502.6,355.2,502.6,1256,2.0,5048,0,1.000,false
grid rate=64000 rtt=300ms loss=0,7,0.045,0.704,355.2,502.6,502.6,355.2,502.6,1256,2.0,5048,0,1.000,false
grid rate=64000 rtt=300ms loss=0,8,0.045,0.704,355.2,502.6,502.6,355.2,502.6,1256,2.0,5048,0,1.000,false
grid rate=64000 rtt=300ms loss=0,9,0.045,0.704,355.2,502.6,502.6,355.2,502.6,1256,2.0,5048,0,1.000,false
grid rate=64000 rtt=300ms loss=0,10,0.045,0.704,355.2,502.6,502.6,355.2,502.6,1256,2.0,5048,0,1.000,false
grid rate=64000 rtt=300ms loss=0,11,0.045,0.704,355.2,502.6,502.6,355.2,502.6,1256,2.0,5048,0,1.000,false
grid rate=64000 rtt=300ms loss=0,12,0.045,0.704,355.2,502.6,502.6,355.2,502.6,1256,2.0,5048,0,1.000,false
grid rate=64000 rtt=300ms loss=0,13,0.045,0.704,355.2,502.6,502.6,355.2,502.6,1256,2.0,5048,0,1.000,false
grid rate=64000 rtt=300ms loss=0,14,0.045,0.704,355.2,502.6,502.6,355.2,502.6,1256,2.0,5048,0,1.000,false
grid rate=64000 rtt=300ms loss=0,15,0.045,0.704,355.2,502.6,502.6,355.2,502.6,1256,2.0,5048,0,1.000,false
grid rate=64000 rtt=300ms loss=0,16,0.045,0.704,355.2,502.6,502.6,355.2,502.6,1256,2.0,5048,0,1.000,false
grid rate=64000 rtt=300ms loss=0,17,0.045,0.704,355.2,502.6,502.6,355.2,502.6,1256,2.0,5048,0,1.000,false
grid rate=64000 rtt=300ms loss=0,18,0.045,0.704,355.2,502.6,502.6,355.2,502.6,1256,2.0,5048,0,1.000,false
grid rate=64000 rtt=300ms loss=0,19,0.045,0.704,355.2,502.6,502.6,355.2,502.6,1256,2.0,5048,0,1.000,false
grid rate=64000 rtt=300ms loss=0,20,0.045,0.704,355.2,502.6,502.6,355.2,502.6,1256,2.0,5048,0,1.000,false
grid rate=64000 rtt=300ms loss=0.1%,1,0.054,0.849,483.6,1056.9,1417.4,483.6,1056.9,1014,2.2,17796,50,1.000,false
grid rate=64000 rtt=300ms loss=0.1%,2,0.053,0.833,482.9,1196.9,1394.5,482.9,1196.9,1036,2.2,16986,52,1.000,false
grid rate=64000 rtt=300ms loss=0.1%,3,0.058,0.909,486.1,589.7,2996.5,486.1,589.7,943,2.2,19937,49,1.000,false
grid rate=64000 rtt=300ms loss=0.1%,4,0.057,0.895,494.1,593.7,1505.8,494.1,593.7,958,2.2,19673,65,1.000,false
grid rate=64000 rtt=300ms loss=0.1%,5,0.057,0.895,487.4,585.2,599.6,487.4,585.2,963,2.2,19777,47,1.000,false
grid rate=64000 rtt=300ms loss=0.1%,6,0.056,0.871,488.1,1206.4,2150.2,488.1,1206.4,986,2.2,18419,48,1.000,false
grid rate=64000 rtt=300ms loss=0.1%,7,0.059,0.929,490.1,582.6,964.2,490.1,582.6,924,2.1,20767,52,1.000,false
grid rate=64000 rtt=300ms loss=0.1%,8,0.060,0.931,488.1,576.5,1112.6,488.1,576.5,923,2.1,20881,47,1.000,false
grid rate=64000 rtt=300ms loss=0.1%,9,0.058,0.901,488.1,583.4,999.7,488.1,583.4,956,2.2,19343,42,1.000,false
grid rate=64000 rtt=300ms loss=0.1%,10,0.059,0.914,486.1,591.5,1210.0,486.1,591.5,940,2.2,20178,43,1.000,false
grid rate=64000 rtt=300ms loss=0.1%,11,0.053,0.836,477.9,1210.2,1360.0,478.1,1210.2,1032,2.2,17514,67,1.000,false
grid rate=64000 rtt=300ms loss=0.1%,12,0.054,0.839,482.1,1201.3,1506.8,482.1,1201.3,1028,2.2,17696,53,1.000,false
grid rate=64000 rtt=300ms loss=0.1%,13,0.058,0.901,484.7,585.6,1356.1,485.1,585.6,956,2.2,19556,44,1.000,false
grid rate=64000 rtt=300ms loss=0.1%,14,0.056,0.878,493.4,1199.1,2104.2,493.4,1199.1,980,2.2,19368,61,1.000,false
grid rate=64000 rtt=300ms loss=0.1%,15,0.058,0.914,484.1,584.1,1004.9,484.1,584.1,942,2.2,20021,48,1.000,false
grid rate=64000 rtt=300ms loss=0.1%,16,0.055,0.856,483.4,591.4,1358.1,483.6,591.4,1007,2.2,18061,48,1.000,false
grid rate=64000 rtt=300ms loss=0.1%,17,0.055,0.853,488.9,590.1,1354.7,488.9,590.1,1012,2.2,17895,52,1.000,false
grid rate=64000 rtt=300ms loss=0.1%,18,0.059,0.915,488.1,584.1,1205.4,488.1,584.1,938,2.2,20181,60,1.000,false
grid rate=64000 rtt=300ms loss=0.1%,19,0.054,0.847,482.0,1207.0,1956.6,482.1,1207.0,1017,2.2,17723,55,1.000,false
grid rate=64000 rtt=300ms loss=0.1%,20,0.056,0.870,491.2,596.9,9439.0,491.2,596.9,987,2.2,18718,57,1.000,false
grid rate=64000 rtt=300ms loss=1%,1,0.055,0.866,526.1,1217.9,3173.6,526.1,1217.9,983,2.2,20373,493,1.000,false
grid rate=64000 rtt=300ms loss=1%,2,0.058,0.899,503.6,1199.0,2462.7,504.0,1199.0,947,2.2,21852,517,1.000,false
grid rate=64000 rtt=300ms loss=1%,3,0.055,0.853,521.4,1213.5,11676.0,521.4,1213.5,998,2.2,19824,540,1.000,false
grid rate=64000 rtt=300ms loss=1%,4,0.053,0.829,495.6,1345.5,2488.8,496.7,1345.5,1027,2.2,18630,547,1.000,false
grid rate=64000 rtt=300ms loss=1%,5,0.057,0.897,509.2,1201.8,1566.2,509.4,1201.8,949,2.2,21405,458,1.000,false
grid rate=64000 rtt=300ms loss=1%,6,0.053,0.827,505.0,1219.9,2398.7,505.4,1219.9,1033,2.2,18251,518,1.000,false
grid rate=64000 rtt=300ms loss=1%,7,0.057,0.886,509.4,1150.6,3237.4,509.4,1150.6,962,2.2,20929,486,1.000,false
grid rate=64000 rtt=300ms loss=1%,8,0.058,0.909,512.1,1197.0,2363.1,512.1,1197.0,933,2.2,21853,512,1.000,false
grid rate=64000 rtt=300ms loss=1%,9,0.056,0.875,519.4,1206.5,4207.8,519.4,1206.5,971,2.2,20696,492,1.000,false
grid rate=64000 rtt=300ms loss=1%,10,0.055,0.860,535.6,1349.4,2281.5,535.6,1349.4,987,2.2,20110,541,1.000,false
grid rate=64000 rtt=300ms loss=1%,11,0.054,0.850,536.0,1313.6,2703.6,536.1,1313.6,999,2.2,20008,547,1.000,false
grid rate=64000 rtt=300ms loss=1%,12,0.058,0.906,514.1,1110.9,1357.9,514.1,1110.9,939,2.2,21700,490,1.000,false
grid rate=64000 rtt=300ms loss=1%,13,0.054,0.847,505.7,1326.8,13183.0,505.8,1326.8,1004,2.2,19179,494,1.000,false
grid rate=64000 rtt=300ms loss=1%,14,0.057,0.891,516.2,1286.2,2422.2,517.4,1286.2,952,2.2,21346,490,1.000,false
grid rate=64000 rtt=300ms loss=1%,15,0.057,0.896,502.1,1050.7,3716.1,502.1,1050.7,953,2.2,21234,497,1.000,false
grid rate=64000 rtt=300ms loss=1%,16,0.053,0.836,498.3,1354.4,2116.2,499.1,1354.4,1022,2.2,18998,494,1.000,false
grid rate=64000 rtt=300ms loss=1%,17,0.057,0.889,520.1,1207.2,2464.2,520.1,1207.2,953,2.2,21240,529,1.000,false
grid rate=64000 rtt=300ms loss=1%,18,0.057,0.889,518.1,1247.7,2986.8,518.1,1247.7,955,2.2,21613,557,1.000,false
grid rate=64000 rtt=300ms loss=1%,19,0.054,0.836,498.9,1354.8,2167.4,498.9,1354.8,1020,2.2,19208,530,1.000,false
grid rate=64000 rtt=300ms loss=1%,20,0.053,0.836,506.0,1345.5,1957.0,506.1,1345.5,1022,2.2,19697,518,1.000,false
grid rate=64000 rtt=300ms loss=5%,1,0.052,0.813,579.4,2003.2,5505.0,579.4,2003.2,1014,2.2,23289,2611,1.000,false
grid rate=64000 rtt=300ms loss=5%,2,0.048,0.743,544.4,2136.8,5246.6,544.9,2136.8,1116,2.2,20317,2737,1.000,false
grid rate=64000 rtt=300ms loss=5%,3,0.048,0.744,538.5,3140.8,9397.9,538.5,3041.5,1105,2.2,19954,2716,1.000,false
grid rate=64000 rtt=300ms loss=5%,4,0.048,0.748,553.7,2170.1,3993.3,553.9,2170.1,1110,2.2,20140,2806,1.000,false
grid rate=64000 rtt=300ms loss=5%,5,0.052,0.820,579.4,1955.5,11874.6,579.4,2085.9,1002,2.2,23050,2503,1.000,false
grid rate=64000 rtt=300ms loss=5%,6,0.048,0.749,553.2,1702.5,7203.5,554.2,1702.5,1116,2.2,20504,2710,1.000,false
grid rate=64000 rtt=300ms loss=5%,7,0.050,0.774,570.1,2856.2,13110.5,570.1,2856.2,1059,2.2,20928,2677,1.000,false
grid rate=64000 rtt=300ms loss=5%,8,0.052,0.816,580.1,1941.5,16974.7,580.1,1941.5,1007,2.2,22530,2548,1.000,false
grid rate=64000 rtt=300ms loss=5%,9,0.052,0.818,580.1,1943.0,3197.1,580.1,1943.0,1008,2.2,23436,2597,1.000,false
grid rate=64000 rtt=300ms loss=5%,10,0.049,0.772,569.4,2391.1,9594.5,569.4,2391.1,1070,2.2,21440,2769,1.000,false
grid rate=64000 rtt=300ms loss=5%,11,0.048,0.754,557.6,2574.1,5232.6,557.6,2574.1,1097,2.2,19799,2734,1.000,false
grid rate=64000 rtt=300ms loss=5%,12,0.048,0.748,569.4,2253.1,12246.6,569.4,2253.1,1105,2.2,20389,2747,1.000,false
grid rate=64000 rtt=300ms loss=5%,13,0.052,0.810,579.1,1987.7,5997.2,579.1,1987.7,1019,2.2,22216,2535,1.000,false
grid rate=64000 rtt=300ms loss=5%,14,0.053,0.832,580.1,1897.3,11345.1,580.1,1897.3,990,2.2,23316,2549,1.000,false
grid rate=64000 rtt=300ms loss=5%,15,0.048,0.748,542.9,2070.9,3388.0,543.6,2070.9,1117,2.2,19854,2742,1.000,false
grid rate=64000 rtt=300ms loss=5%,16,0.050,0.775,569.4,1512.3,3608.3,569.4,1512.3,1076,2.2,21059,2664,1.000,false
grid rate=64000 rtt=300ms loss=5%,17,0.048,0.753,558.9,2814.6,8932.1,558.9,2814.6,1100,2.2,19892,2741,1.000,false
grid rate=64000 rtt=300ms loss=5%,18,0.053,0.824,579.1,1997.2,12245.1,579.1,1997.2,998,2.2,23809,2603,1.000,false
grid rate=64000 rtt=300ms loss=5%,19,0.048,0.750,560.9,2256.3,8009.2,560.9,2256.3,1104,2.2,20113,2705,1.000,false
grid rate=64000 rtt=300ms loss=5%,20,0.047,0.741,538.5,1790.9,2898.2,538.5,1779.7,1128,2.2,19779,2739,1.000,false
grid rate=1000000 rtt=20ms loss=0,1,0.670,0.670,20.9,33.0,33.2,20.9,33.0,1357,2.2,4985,0,1.000,false
grid rate=1000000 rtt=20ms loss=0,2,0.670,0.670,20.9,33.0,33.2,20.9,33.0,1357,2.2,4985,0,1.000,false
grid rate=1000000 rtt=20ms loss=0,3,0.670,0.670,20.9,33.0,33.2,20.9,33.0,1357,2.2,4985,0,1.000,false
grid rate=1000000 rtt=20ms loss=0,4,0.670,0.670,20.9,33.0,33.2,20.9,33.0,1357,2.2,4985,0,1.000,false
grid rate=1000000 rtt=20ms loss=0,5,0.670,0.670,20.9,33.0,33.2,20.9,33.0,1357,2.2,4985,0,1.000,false
grid rate=1000000 rtt=20ms loss=0,6,0.670,0.670,20.9,33.0,33.4,20.9,33.0,1357,2.2,4984,0,1.000,false
grid rate=1000000 rtt=20ms loss=0,7,0.670,0.670,20.9,33.0,33.3,20.9,33.0,1357,2.2,4984,0,1.000,false
grid rate=1000000 rtt=20ms loss=0,8,0.670,0.670,20.9,33.0,33.2,20.9,33.0,1357,2.2,4985,0,1.000,false
grid rate=1000000 rtt=20ms loss=0,9,0.670,0.670,20.9,33.0,33.2,20.9,33.0,1357,2.2,4985,0,1.000,false
grid rate=1000000 rtt=20ms loss=0,10,0.670,0.670,20.9,33.0,33.2,20.9,33.0,1357,2.2,4985,0,1.000,false
grid rate=1000000 rtt=20ms loss=0,11,0.670,0.670,20.9,33.0,33.2,20.9,33.0,1357,2.2,4985,0,1.000,false
grid rate=1000000 rtt=20ms loss=0,12,0.670,0.670,20.9,33.0,33.4,20.9,33.0,1357,2.2,4984,0,1.000,false
grid rate=1000000 rtt=20ms loss=0,13,0.670,0.670,20.9,33.0,33.2,20.9,33.0,1357,2.2,4985,0,1.000,false
grid rate=1000000 rtt=20ms loss=0,14,0.670,0.670,20.9,33.0,33.2,20.9,33.0,1357,2.2,4985,0,1.000,false
grid rate=1000000 rtt=20ms loss=0,15,0.670,0.670,20.9,33.0,33.4,20.9,33.0,1357,2.2,4984,0,1.000,false
grid rate=1000000 rtt=20ms loss=0,16,0.670,0.670,20.9,33.0,33.2,20.9,33.0,1357,2.2,4985,0,1.000,false
grid rate=1000000 rtt=20ms loss=0,17,0.670,0.670,20.9,33.0,33.4,20.9,33.0,1357,2.2,4984,0,1.000,false
grid rate=1000000 rtt=20ms loss=0,18,0.670,0.670,20.9,33.0,33.2,20.9,33.0,1357,2.2,4985,0,1.000,false
grid rate=1000000 rtt=20ms loss=0,19,0.670,0.670,20.9,33.0,33.2,20.9,33.0,1357,2.2,4985,0,1.000,false
grid rate=1000000 rtt=20ms loss=0,20,0.670,0.670,20.9,33.0,33.4,20.9,33.0,1357,2.2,4984,0,1.000,false
grid rate=1000000 rtt=20ms loss=0.1%,1,0.887,0.887,32.5,39.7,331.2,32.5,39.7,984,2.3,10158,50,1.000,false
grid rate=1000000 rtt=20ms loss=0.1%,2,0.758,0.758,27.7,39.7,84.2,27.7,39.7,1178,2.3,7672,57,1.000,false
grid rate=1000000 rtt=20ms loss=0.1%,3,0.855,0.855,31.8,39.7,139.8,31.8,39.7,1029,2.3,9818,56,1.000,false
grid rate=1000000 rtt=20ms loss=0.1%,4,0.800,0.800,30.1,39.7,333.9,30.1,39.7,1109,2.3,9291,71,1.000,false
grid rate=1000000 rtt=20ms loss=0.1%,5,0.901,0.901,32.7,39.7,39.7,32.7,39.7,969,2.3,10836,48,1.000,false
grid rate=1000000 rtt=20ms loss=0.1%,6,0.893,0.893,32.5,39.7,369.8,32.5,39.7,977,2.3,10572,48,1.000,false
grid rate=1000000 rtt=20ms loss=0.1%,7,0.826,0.826,31.0,39.7,364.9,31.0,39.7,1068,2.3,9292,57,1.000,false
grid rate=1000000 rtt=20ms loss=0.1%,8,0.896,0.896,32.5,39.7,78.9,32.5,39.7,975,2.3,10209,50,1.000,false
grid rate=1000000 rtt=20ms loss=0.1%,9,0.875,0.875,32.2,39.7,39.7,32.7,39.7,1003,2.3,9338,42,1.000,false
grid rate=1000000 rtt=20ms loss=0.1%,10,0.909,0.909,32.5,39.7,312.2,32.5,39.7,957,2.3,10151,47,1.000,false
grid rate=1000000 rtt=20ms loss=0.1%,11,0.841,0.841,31.0,39.7,331.3,31.0,39.7,1046,2.3,9143,68,1.000,false
grid rate=1000000 rtt=20ms loss=0.1%,12,0.878,0.878,31.7,39.7,88.8,31.8,39.7,999,2.3,10206,53,1.000,false
grid rate=1000000 rtt=20ms loss=0.1%,13,0.898,0.898,32.5,39.7,98.8,32.5,39.7,973,2.3,11127,46,1.000,false
grid rate=1000000 rtt=20ms loss=0.1%,14,0.855,0.855,31.7,39.7,64.6,31.7,39.7,1029,2.3,9793,64,1.000,false
grid rate=1000000 rtt=20ms loss=0.1%,15,0.898,0.898,32.5,39.7,98.4,32.5,39.7,972,2.3,10093,51,1.000,false
grid rate=1000000 rtt=20ms loss=0.1%,16,0.869,0.869,31.8,39.7,39.7,31.9,39.7,1012,2.3,9861,50,1.000,false
grid rate=1000000 rtt=20ms loss=0.1%,17,0.879,0.879,31.9,39.7,177.8,31.9,39.7,996,2.3,10058,53,1.000,false
grid rate=1000000 rtt=20ms loss=0.1%,18,0.830,0.830,31.0,39.7,158.4,31.0,39.7,1063,2.3,9727,64,1.000,false
grid rate=1000000 rtt=20ms loss=0.1%,19,0.726,0.726,23.4,39.7,391.8,23.4,39.7,1233,2.3,7213,65,1.000,false
grid rate=1000000 rtt=20ms loss=0.1%,20,0.903,0.903,32.5,39.7,360.1,32.5,39.7,966,2.3,10316,58,1.000,false
grid rate=1000000 rtt=20ms loss=1%,1,0.883,0.883,32.7,96.3,370.4,32.8,96.3,980,2.3,10678,495,1.000,false
grid rate=1000000 rtt=20ms loss=1%,2,0.877,0.877,31.5,88.4,435.2,31.8,87.6,990,2.3,10957,531,1.000,false
grid rate=1000000 rtt=20ms loss=1%,3,0.886,0.886,31.9,87.6,400.7,32.2,84.0,976,2.3,10961,542,1.000,false
grid rate=1000000 rtt=20ms loss=1%,4,0.888,0.888,37.1,87.6,342.9,37.1,87.6,972,2.3,17547,534,1.000,false
grid rate=1000000 rtt=20ms loss=1%,5,0.871,0.871,32.7,88.5,372.9,32.8,88.5,993,2.3,10542,476,1.000,false
grid rate=1000000 rtt=20ms loss=1%,6,0.865,0.865,31.8,175.4,372.5,31.8,175.4,1000,2.3,11122,518,1.000,false
grid rate=1000000 rtt=20ms loss=1%,7,0.861,0.861,32.1,92.2,360.8,32.2,93.4,1008,2.3,10937,507,1.000,false
grid rate=1000000 rtt=20ms loss=1%,8,0.864,0.864,32.6,147.0,964.8,32.6,147.0,1000,2.3,11058,549,1.000,false
grid rate=1000000 rtt=20ms loss=1%,9,0.874,0.874,31.8,192.9,956.5,32.2,192.9,981,2.3,11079,507,1.000,false
grid rate=1000000 rtt=20ms loss=1%,10,0.866,0.866,31.0,164.4,974.6,31.0,164.4,991,2.3,11506,553,1.000,false
grid rate=1000000 rtt=20ms loss=1%,11,0.825,0.825,31.0,89.2,912.3,31.0,89.2,1054,2.3,10740,575,1.000,false
grid rate=1000000 rtt=20ms loss=1%,12,0.873,0.873,32.6,178.4,1098.3,33.0,177.1,980,2.3,10496,517,1.000,false
grid rate=1000000 rtt=20ms loss=1%,13,0.875,0.875,32.2,89.3,346.1,32.2,89.3,992,2.3,11270,497,1.000,false
grid rate=1000000 rtt=20ms loss=1%,14,0.863,0.863,31.0,155.8,354.7,31.0,162.7,1002,2.3,11097,505,1.000,false
grid rate=1000000 rtt=20ms loss=1%,15,0.887,0.887,32.8,147.6,801.8,33.0,147.6,969,2.3,10745,526,1.000,false
grid rate=1000000 rtt=20ms loss=1%,16,0.858,0.858,31.8,39.7,163.4,31.8,39.7,1021,2.3,10491,498,1.000,false
grid rate=1000000 rtt=20ms loss=1%,17,0.863,0.863,31.0,181.8,1506.0,31.3,181.8,991,2.3,11389,549,1.000,false
grid rate=1000000 rtt=20ms loss=1%,18,0.870,0.870,32.0,185.1,2215.2,32.0,185.1,975,2.3,10999,583,1.000,false
grid rate=1000000 rtt=20ms loss=1%,19,0.851,0.851,31.0,88.5,364.7,31.3,91.4,1022,2.3,10977,535,1.000,false
grid rate=1000000 rtt=20ms loss=1%,20,0.886,0.886,32.9,138.7,390.5,33.0,138.7,970,2.3,11186,516,1.000,false
grid rate=1000000 rtt=20ms loss=5%,1,0.808,0.808,30.9,468.1,6378.4,31.0,468.1,971,2.3,12098,2677,1.000,false
grid rate=1000000 rtt=20ms loss=5%,2,0.800,0.800,31.0,833.3,4156.8,31.0,833.3,964,2.3,12031,2682,1.000,false
grid rate=1000000 rtt=20ms loss=5%,3,0.806,0.806,30.8,350.7,3601.0,30.8,362.4,1004,2.3,12182,2667,1.000,false
grid rate=1000000 rtt=20ms loss=5%,4,0.725,0.725,30.1,386.9,4422.6,30.1,477.9,1107,2.3,12032,2884,1.000,false
grid rate=1000000 rtt=20ms loss=5%,5,0.804,0.804,30.8,864.2,8080.9,30.9,864.2,963,2.3,12129,2575,1.000,false
grid rate=1000000 rtt=20ms loss=5%,6,0.776,0.776,30.8,906.8,12185.1,30.8,952.5,920,2.3,12095,2695,1.000,false
grid rate=1000000 rtt=20ms loss=5%,7,0.754,0.754,30.1,493.4,2290.2,30.1,493.4,1072,2.3,11874,2762,1.000,false
grid rate=1000000 rtt=20ms loss=5%,8,0.812,0.812,31.0,818.3,3621.5,31.0,818.3,952,2.3,11822,2617,1.000,false
grid rate=1000000 rtt=20ms loss=5%,9,0.785,0.785,30.8,448.3,3537.8,30.8,885.4,1005,2.3,11905,2704,1.000,false
grid rate=1000000 rtt=20ms loss=5%,10,0.790,0.790,30.9,768.7,6895.4,30.9,768.7,975,2.3,12547,2800,1.000,false
grid rate=1000000 rtt=20ms loss=5%,11,0.808,0.808,30.9,892.0,4868.3,30.9,892.0,960,2.3,12116,2674,1.000,false
grid rate=1000000 rtt=20ms loss=5%,12,0.811,0.811,30.9,618.6,5891.7,30.9,618.6,944,2.3,12034,2677,1.000,false
grid rate=1000000 rtt=20ms loss=5%,13,0.796,0.796,30.9,705.1,5318.4,30.9,705.1,962,2.3,11995,2626,1.000,false
grid rate=1000000 rtt=20ms loss=5%,14,0.813,0.813,30.9,748.6,2916.9,30.9,748.6,971,2.3,11912,2644,1.000,false
grid rate=1000000 rtt=20ms loss=5%,15,0.772,0.772,30.5,1517.2,5738.4,30.7,1517.2,970,2.3,11954,2744,1.000,false
grid rate=1000000 rtt=20ms loss=5%,16,0.801,0.801,30.9,934.5,2953.1,30.9,934.5,967,2.3,12865,2669,1.000,false
grid rate=1000000 rtt=20ms loss=5%,17,0.777,0.777,30.8,872.4,5544.8,30.8,872.4,975,2.3,11897,2748,1.000,false
grid rate=1000000 rtt=20ms loss=5%,18,0.844,0.844,33.1,1728.8,3570.5,33.3,1728.8,867,2.3,18831,2629,1.000,false
grid rate=1000000 rtt=20ms loss=5%,19,0.806,0.806,30.9,1010.3,4742.9,30.9,1010.3,927,2.3,12113,2659,1.000,false
grid rate=1000000 rtt=20ms loss=5%,20,0.793,0.793,30.9,915.8,4453.1,30.9,915.8,951,2.3,12192,2674,1.000,false
grid rate=1000000 rtt=100ms loss=0,1,0.945,0.945,125.7,146.7,191.2,125.7,127.6,653,11.2,95,0,1.000,false
grid rate=1000000 rtt=100ms loss=0,2,0.945,0.945,125.7,146.7,191.2,125.7,127.6,653,11.2,95,0,1.000,false
grid rate=1000000 rtt=100ms loss=0,3,0.945,0.945,125.7,146.7,191.2,125.7,127.6,653,11.2,95,0,1.000,false
grid rate=1000000 rtt=100ms loss=0,4,0.945,0.945,125.7,146.7,191.2,125.7,127.6,653,11.2,95,0,1.000,false
grid rate=1000000 rtt=100ms loss=0,5,0.945,0.945,125.7,146.7,191.2,125.7,127.6,653,11.2,95,0,1.000,false
grid rate=1000000 rtt=100ms loss=0,6,0.945,0.945,125.7,146.7,191.2,125.7,127.6,653,11.2,95,0,1.000,false
grid rate=1000000 rtt=100ms loss=0,7,0.945,0.945,125.7,146.7,191.2,125.7,127.6,653,11.2,95,0,1.000,false
grid rate=1000000 rtt=100ms loss=0,8,0.945,0.945,125.7,146.7,191.2,125.7,127.6,653,11.2,95,0,1.000,false
grid rate=1000000 rtt=100ms loss=0,9,0.945,0.945,125.7,146.7,191.2,125.7,127.6,653,11.2,95,0,1.000,false
grid rate=1000000 rtt=100ms loss=0,10,0.945,0.945,125.7,146.7,191.2,125.7,127.6,653,11.2,95,0,1.000,false
grid rate=1000000 rtt=100ms loss=0,11,0.945,0.945,125.7,146.7,191.2,125.7,127.6,653,11.2,95,0,1.000,false
grid rate=1000000 rtt=100ms loss=0,12,0.945,0.945,125.7,146.7,191.2,125.7,127.6,653,11.2,95,0,1.000,false
grid rate=1000000 rtt=100ms loss=0,13,0.945,0.945,125.7,146.7,191.2,125.7,127.6,653,11.2,95,0,1.000,false
grid rate=1000000 rtt=100ms loss=0,14,0.945,0.945,125.7,146.7,191.2,125.7,127.6,653,11.2,95,0,1.000,false
grid rate=1000000 rtt=100ms loss=0,15,0.945,0.945,125.7,146.7,191.2,125.7,127.6,653,11.2,95,0,1.000,false
grid rate=1000000 rtt=100ms loss=0,16,0.945,0.945,125.7,146.7,191.2,125.7,127.6,653,11.2,95,0,1.000,false
grid rate=1000000 rtt=100ms loss=0,17,0.945,0.945,125.7,146.7,191.2,125.7,127.6,653,11.2,95,0,1.000,false
grid rate=1000000 rtt=100ms loss=0,18,0.945,0.945,125.7,146.7,191.2,125.7,127.6,653,11.2,95,0,1.000,false
grid rate=1000000 rtt=100ms loss=0,19,0.945,0.945,125.7,146.7,191.2,125.7,127.6,653,11.2,95,0,1.000,false
grid rate=1000000 rtt=100ms loss=0,20,0.945,0.945,125.7,146.7,191.2,125.7,127.6,653,11.2,95,0,1.000,false
grid rate=1000000 rtt=100ms loss=0.1%,1,0.945,0.945,125.7,183.2,300.8,125.7,183.2,643,11.2,153,62,1.000,false
grid rate=1000000 rtt=100ms loss=0.1%,2,0.946,0.946,135.4,192.9,318.3,135.4,192.9,608,11.2,318,50,1.000,false
grid rate=1000000 rtt=100ms loss=0.1%,3,0.944,0.944,125.7,182.7,310.0,125.7,154.7,650,11.2,100,45,1.000,false
grid rate=1000000 rtt=100ms loss=0.1%,4,0.944,0.944,125.8,183.3,310.1,125.8,183.3,639,11.2,147,67,1.000,false
grid rate=1000000 rtt=100ms loss=0.1%,5,0.944,0.944,125.7,183.3,319.1,125.7,173.8,648,11.2,118,51,1.000,false
grid rate=1000000 rtt=100ms loss=0.1%,6,0.945,0.945,125.7,183.2,429.0,125.7,183.2,647,11.2,115,47,1.000,false
grid rate=1000000 rtt=100ms loss=0.1%,7,0.944,0.944,125.7,183.2,317.5,125.7,164.9,649,11.3,99,48,1.000,false
grid rate=1000000 rtt=100ms loss=0.1%,8,0.945,0.945,125.7,183.2,320.0,125.7,183.2,645,11.4,120,58,1.000,false
grid rate=1000000 rtt=100ms loss=0.1%,9,0.946,0.946,126.0,192.4,313.8,126.0,184.2,634,11.2,177,45,1.000,false
grid rate=1000000 rtt=100ms loss=0.1%,10,0.946,0.946,125.8,183.3,308.4,125.8,183.3,640,11.2,155,51,1.000,false
grid rate=1000000 rtt=100ms loss=0.1%,11,0.944,0.944,125.7,181.9,319.9,125.7,164.2,650,11.2,104,60,1.000,false
grid rate=1000000 rtt=100ms loss=0.1%,12,0.944,0.944,125.9,183.6,340.8,125.9,183.6,642,11.3,149,54,1.000,false
grid rate=1000000 rtt=100ms loss=0.1%,13,0.944,0.944,125.7,173.8,310.1,125.7,164.2,651,11.2,88,41,1.000,false
grid rate=1000000 rtt=100ms loss=0.1%,14,0.944,0.944,125.7,189.7,442.7,125.7,183.3,642,11.2,174,58,1.000,false
grid rate=1000000 rtt=100ms loss=0.1%,15,0.946,0.946,126.0,189.6,310.5,126.0,183.3,631,11.3,145,52,1.000,false
grid rate=1000000 rtt=100ms loss=0.1%,16,0.944,0.944,125.7,183.3,192.9,125.7,183.2,644,11.2,145,50,1.000,false
grid rate=1000000 rtt=100ms loss=0.1%,17,0.944,0.944,125.7,183.2,191.2,125.7,183.2,646,11.2,124,61,1.000,false
grid rate=1000000 rtt=100ms loss=0.1%,18,0.947,0.947,144.9,183.3,192.9,145.0,183.3,616,11.2,95,66,1.000,false
grid rate=1000000 rtt=100ms loss=0.1%,19,0.945,0.945,125.7,183.2,375.6,125.7,183.2,633,11.3,205,66,1.000,false
grid rate=1000000 rtt=100ms loss=0.1%,20,0.947,0.947,144.9,192.8,356.5,144.9,192.8,615,11.2,217,65,1.000,false
grid rate=1000000 rtt=100ms loss=1%,1,0.934,0.934,130.0,280.0,539.4,129.9,280.0,628,11.3,151,568,1.000,false
grid rate=1000000 rtt=100ms loss=1%,2,0.934,0.934,128.1,342.1,429.6,128.1,337.7,622,11.5,278,611,1.000,false
grid rate=1000000 rtt=100ms loss=1%,3,0.935,0.935,135.6,318.9,497.6,135.6,318.8,622,11.8,252,619,1.000,false
grid rate=1000000 rtt=100ms loss=1%,4,0.932,0.932,136.7,319.8,397.7,136.6,319.8,622,11.6,253,599,1.000,false
grid rate=1000000 rtt=100ms loss=1%,5,0.935,0.935,135.4,280.0,463.1,135.4,280.0,627,11.8,232,532,1.000,false
grid rate=1000000 rtt=100ms loss=1%,6,0.933,0.933,130.2,362.5,724.7,128.6,362.5,624,11.4,134,575,1.000,false
grid rate=1000000 rtt=100ms loss=1%,7,0.936,0.936,135.6,342.1,462.7,135.7,342.1,621,11.8,265,584,1.000,false
grid rate=1000000 rtt=100ms loss=1%,8,0.933,0.933,127.6,331.9,611.7,127.6,331.9,629,11.5,224,613,1.000,false
grid rate=1000000 rtt=100ms loss=1%,9,0.935,0.935,136.0,322.9,463.0,136.0,322.9,623,11.4,265,565,1.000,false
grid rate=1000000 rtt=100ms loss=1%,10,0.930,0.930,135.6,330.6,418.8,135.7,330.6,625,11.8,185,608,1.000,false
grid rate=1000000 rtt=100ms loss=1%,11,0.934,0.934,129.3,324.6,859.9,129.3,324.6,624,11.6,91,609,1.000,false
grid rate=1000000 rtt=100ms loss=1%,12,0.933,0.933,127.6,340.4,404.5,127.6,340.4,626,11.2,162,602,1.000,false
grid rate=1000000 rtt=100ms loss=1%,13,0.936,0.936,127.6,321.9,443.0,127.6,321.9,628,11.3,117,567,1.000,false
grid rate=1000000 rtt=100ms loss=1%,14,0.935,0.935,135.6,299.4,366.5,135.6,299.4,623,11.8,286,559,1.000,false
grid rate=1000000 rtt=100ms loss=1%,15,0.934,0.934,136.9,374.4,506.7,136.5,374.4,618,11.6,260,595,1.000,false
grid rate=1000000 rtt=100ms loss=1%,16,0.933,0.933,136.3,348.6,433.2,136.0,348.6,618,11.8,307,549,1.000,false
grid rate=1000000 rtt=100ms loss=1%,17,0.928,0.928,135.3,318.8,393.2,135.3,318.8,631,11.3,187,619,1.000,false
grid rate=1000000 rtt=100ms loss=1%,18,0.934,0.934,135.8,329.6,405.1,135.8,324.1,622,11.6,135,642,1.000,false
grid rate=1000000 rtt=100ms loss=1%,19,0.936,0.936,136.3,318.3,443.4,136.3,321.1,614,11.3,321,601,1.000,false
grid rate=1000000 rtt=100ms loss=1%,20,0.933,0.933,127.6,339.1,474.2,127.6,339.1,627,11.8,129,583,1.000,false
grid rate=1000000 rtt=100ms loss=5%,1,0.880,0.880,137.5,516.6,748.5,137.5,516.6,627,11.2,28,2741,1.000,false
grid rate=1000000 rtt=100ms loss=5%,2,0.880,0.880,136.3,413.9,803.2,136.3,413.9,639,11.6,31,2727,1.000,false
grid rate=1000000 rtt=100ms loss=5%,3,0.888,0.888,134.6,380.6,691.8,134.2,367.4,637,11.2,20,2719,1.000,false
grid rate=1000000 rtt=100ms loss=5%,4,0.881,0.881,135.5,637.9,883.6,135.4,637.9,628,11.6,26,2807,1.000,false
grid rate=1000000 rtt=100ms loss=5%,5,0.870,0.870,134.3,679.3,956.9,134.3,679.3,636,11.8,82,2661,1.000,false
grid rate=1000000 rtt=100ms loss=5%,6,0.865,0.865,136.3,654.0,861.4,136.3,654.0,632,11.2,24,2730,1.000,false
grid rate=1000000 rtt=100ms loss=5%,7,0.887,0.887,137.8,365.1,742.1,137.5,362.4,636,11.4,98,2752,1.000,false
grid rate=1000000 rtt=100ms loss=5%,8,0.886,0.886,136.0,446.3,1316.8,136.0,446.3,631,11.2,14,2682,1.000,false
grid rate=1000000 rtt=100ms loss=5%,9,0.867,0.867,136.2,497.6,753.2,136.2,497.6,643,11.4,106,2753,1.000,false
grid rate=1000000 rtt=100ms loss=5%,10,0.878,0.878,134.6,380.8,675.5,135.3,368.3,637,11.4,32,2839,1.000,false
grid rate=1000000 rtt=100ms loss=5%,11,0.865,0.865,137.0,464.5,943.7,137.0,464.5,638,11.0,23,2767,1.000,false
grid rate=1000000 rtt=100ms loss=5%,12,0.879,0.879,136.7,443.7,1268.8,137.0,443.7,625,11.7,22,2777,1.000,false
grid rate=1000000 rtt=100ms loss=5%,13,0.881,0.881,137.0,572.2,734.3,137.0,572.2,621,11.0,28,2689,1.000,false
grid rate=1000000 rtt=100ms loss=5%,14,0.885,0.885,136.6,537.3,756.8,136.5,533.2,619,11.9,43,2715,1.000,false
grid rate=1000000 rtt=100ms loss=5%,15,0.882,0.882,136.5,471.0,764.4,136.5,471.0,629,11.2,21,2722,1.000,false
grid rate=1000000 rtt=100ms loss=5%,16,0.886,0.886,136.3,360.9,477.4,136.3,358.3,641,11.4,105,2739,1.000,false
grid rate=1000000 rtt=100ms loss=5%,17,0.870,0.870,135.1,553.1,826.2,135.7,553.1,636,11.7,32,2785,1.000,false
grid rate=1000000 rtt=100ms loss=5%,18,0.883,0.883,136.8,657.2,859.0,136.9,657.2,621,11.2,20,2769,1.000,false
grid rate=1000000 rtt=100ms loss=5%,19,0.884,0.884,136.1,495.0,586.5,136.1,495.0,628,11.7,32,2731,1.000,false
grid rate=1000000 rtt=100ms loss=5%,20,0.889,0.889,136.7,677.3,782.9,136.7,573.4,623,11.6,23,2731,1.000,false
grid rate=1000000 rtt=300ms loss=0,1,0.947,0.947,336.4,383.9,419.8,336.4,355.3,388,14.9,0,0,1.000,false
grid rate=1000000 rtt=300ms loss=0,2,0.947,0.947,336.4,383.9,419.8,336.4,355.3,388,14.9,0,0,1.000,false
grid rate=1000000 rtt=300ms loss=0,3,0.947,0.947,336.4,383.9,419.9,336.4,355.3,388,14.9,0,0,1.000,false
grid rate=1000000 rtt=300ms loss=0,4,0.947,0.947,336.4,383.9,419.8,336.4,355.3,388,14.9,0,0,1.000,false
grid rate=1000000 rtt=300ms loss=0,5,0.947,0.947,336.4,383.9,419.8,336.4,355.3,388,14.9,0,0,1.000,false
grid rate=1000000 rtt=300ms loss=0,6,0.947,0.947,336.4,383.9,419.8,336.4,355.3,388,14.9,0,0,1.000,false
grid rate=1000000 rtt=300ms loss=0,7,0.947,0.947,336.4,383.9,419.8,336.4,355.3,388,14.9,0,0,1.000,false
grid rate=1000000 rtt=300ms loss=0,8,0.947,0.947,336.4,383.9,419.8,336.4,355.3,388,14.9,0,0,1.000,false
grid rate=1000000 rtt=300ms loss=0,9,0.947,0.947,336.4,383.9,419.8,336.4,355.3,388,14.9,0,0,1.000,false
grid rate=1000000 rtt=300ms loss=0,10,0.947,0.947,336.4,383.9,419.9,336.4,355.3,388,14.9,0,0,1.000,false
grid rate=1000000 rtt=300ms loss=0,11,0.947,0.947,336.4,383.9,419.8,336.4,355.3,388,14.9,0,0,1.000,false
grid rate=1000000 rtt=300ms loss=0,12,0.947,0.947,336.4,383.9,419.8,336.4,355.3,388,14.9,0,0,1.000,false
grid rate=1000000 rtt=300ms loss=0,13,0.947,0.947,336.4,383.9,419.8,336.4,355.3,388,14.9,0,0,1.000,false
grid rate=1000000 rtt=300ms loss=0,14,0.947,0.947,336.4,383.9,419.8,336.4,355.3,388,14.9,0,0,1.000,false
grid rate=1000000 rtt=300ms loss=0,15,0.947,0.947,336.4,383.9,419.8,336.4,355.3,388,14.9,0,0,1.000,false
grid rate=1000000 rtt=300ms loss=0,16,0.947,0.947,336.4,383.9,419.9,336.4,355.3,388,14.9,0,0,1.000,false
grid rate=1000000 rtt=300ms loss=0,17,0.947,0.947,336.4,383.9,419.8,336.4,355.3,388,14.9,0,0,1.000,false
grid rate=1000000 rtt=300ms loss=0,18,0.947,0.947,336.4,383.9,419.8,336.4,355.3,388,14.9,0,0,1.000,false
grid rate=1000000 rtt=300ms loss=0,19,0.947,0.947,336.4,383.9,419.9,336.4,355.3,388,14.9,0,0,1.000,false
grid rate=1000000 rtt=300ms loss=0,20,0.947,0.947,336.4,383.9,419.8,336.4,355.3,388,14.9,0,0,1.000,false
grid rate=1000000 rtt=300ms loss=0.1%,1,0.943,0.943,336.5,432.2,731.7,336.5,432.2,385,25.6,0,46,1.000,false
grid rate=1000000 rtt=300ms loss=0.1%,2,0.943,0.943,336.4,402.0,740.4,336.4,394.6,388,14.5,0,40,1.000,false
grid rate=1000000 rtt=300ms loss=0.1%,3,0.943,0.943,336.5,442.8,714.6,336.5,442.8,385,25.4,0,43,1.000,false
grid rate=1000000 rtt=300ms loss=0.1%,4,0.938,0.938,336.4,451.3,711.5,336.4,451.3,387,33.6,0,58,1.000,false
grid rate=1000000 rtt=300ms loss=0.1%,5,0.942,0.942,336.4,403.4,419.8,336.4,393.9,389,19.8,0,44,1.000,false
grid rate=1000000 rtt=300ms loss=0.1%,6,0.944,0.944,336.5,451.6,743.2,336.5,451.6,385,32.7,0,39,1.000,false
grid rate=1000000 rtt=300ms loss=0.1%,7,0.940,0.940,336.5,402.0,419.8,336.5,394.6,390,14.5,0,44,1.000,false
grid rate=1000000 rtt=300ms loss=0.1%,8,0.944,0.944,336.4,547.2,862.2,336.4,547.2,380,35.1,3,43,1.000,false
grid rate=1000000 rtt=300ms loss=0.1%,9,0.942,0.942,336.4,432.2,508.8,336.4,432.2,388,25.6,0,34,1.000,false
grid rate=1000000 rtt=300ms loss=0.1%,10,0.942,0.942,336.4,419.8,508.8,336.4,416.3,388,29.2,0,37,1.000,false
grid rate=1000000 rtt=300ms loss=0.1%,11,0.939,0.939,336.6,438.9,713.6,336.6,438.9,386,26.5,0,53,1.000,false
grid rate=1000000 rtt=300ms loss=0.1%,12,0.935,0.935,336.5,594.9,721.1,336.5,575.8,388,36.0,25,46,1.000,false
grid rate=1000000 rtt=300ms loss=0.1%,13,0.941,0.941,336.4,518.4,835.3,336.4,518.4,384,35.1,1,41,1.000,false
grid rate=1000000 rtt=300ms loss=0.1%,14,0.942,0.942,336.5,432.3,556.7,336.5,432.3,387,32.6,0,49,1.000,false
grid rate=1000000 rtt=300ms loss=0.1%,15,0.940,0.940,336.4,422.7,710.8,336.4,422.7,388,24.7,0,42,1.000,false
grid rate=1000000 rtt=300ms loss=0.1%,16,0.943,0.943,336.5,441.9,480.2,336.5,441.9,386,22.1,0,40,1.000,false
grid rate=1000000 rtt=300ms loss=0.1%,17,0.939,0.939,336.5,547.2,741.1,336.5,547.2,384,35.9,2,46,1.000,false
grid rate=1000000 rtt=300ms loss=0.1%,18,0.941,0.941,336.4,422.6,442.7,336.4,422.6,389,18.4,0,55,1.000,false
grid rate=1000000 rtt=300ms loss=0.1%,19,0.939,0.939,336.4,445.1,732.9,336.4,445.1,388,24.8,0,45,1.000,false
grid rate=1000000 rtt=300ms loss=0.1%,20,0.944,0.944,336.4,422.6,518.4,336.4,422.6,387,26.8,0,51,1.000,false
grid rate=1000000 rtt=300ms loss=1%,1,0.933,0.933,345.5,797.7,879.3,345.8,797.7,381,22.1,0,521,1.000,false
grid rate=1000000 rtt=300ms loss=1%,2,0.931,0.931,336.9,432.7,787.6,336.9,432.7,387,16.1,0,541,1.000,false
grid rate=1000000 rtt=300ms loss=1%,3,0.931,0.931,346.1,739.6,789.2,346.1,739.6,383,23.7,0,558,1.000,false
grid rate=1000000 rtt=300ms loss=1%,4,0.930,0.930,337.6,739.6,815.5,337.6,739.6,385,25.4,0,559,1.000,false
grid rate=1000000 rtt=300ms loss=1%,5,0.923,0.923,336.9,711.5,838.2,336.9,711.5,388,36.0,30,492,1.000,false
grid rate=1000000 rtt=300ms loss=1%,6,0.930,0.930,337.7,769.0,885.5,337.8,741.8,382,22.1,0,546,1.000,false
grid rate=1000000 rtt=300ms loss=1%,7,0.934,0.934,337.7,799.5,945.1,337.7,799.5,381,23.1,0,512,1.000,false
grid rate=1000000 rtt=300ms loss=1%,8,0.929,0.929,338.8,772.3,864.0,338.8,767.0,382,17.2,0,554,1.000,false
grid rate=1000000 rtt=300ms loss=1%,9,0.936,0.936,337.1,711.5,753.3,337.1,711.5,384,17.5,0,523,1.000,false
grid rate=1000000 rtt=300ms loss=1%,10,0.915,0.915,339.1,594.5,742.0,339.1,594.5,390,35.9,66,589,1.000,false
grid rate=1000000 rtt=300ms loss=1%,11,0.930,0.930,337.6,761.2,884.6,337.6,740.3,380,21.2,0,572,1.000,false
grid rate=1000000 rtt=300ms loss=1%,12,0.930,0.930,339.7,452.9,835.5,339.7,451.6,386,22.5,0,537,1.000,false
grid rate=1000000 rtt=300ms loss=1%,13,0.936,0.936,340.4,749.5,794.9,340.4,749.5,382,16.3,0,522,1.000,false
grid rate=1000000 rtt=300ms loss=1%,14,0.929,0.929,345.7,955.4,1130.4,345.7,873.2,380,30.4,0,524,1.000,false
grid rate=1000000 rtt=300ms loss=1%,15,0.931,0.931,337.1,751.1,867.2,337.1,751.1,383,27.8,0,532,1.000,false
grid rate=1000000 rtt=300ms loss=1%,16,0.933,0.933,337.7,725.5,806.9,337.7,725.5,384,16.4,0,505,1.000,false
grid rate=1000000 rtt=300ms loss=1%,17,0.930,0.930,337.7,746.1,1243.5,337.7,743.1,382,22.1,0,565,1.000,false
grid rate=1000000 rtt=300ms loss=1%,18,0.930,0.930,337.2,730.3,772.9,339.0,730.3,385,22.4,0,608,1.000,false
grid rate=1000000 rtt=300ms loss=1%,19,0.934,0.934,346.0,753.0,832.0,346.0,753.0,380,20.8,0,554,1.000,false
grid rate=1000000 rtt=300ms loss=1%,20,0.932,0.932,337.2,740.1,1409.9,337.2,740.1,384,17.6,0,528,1.000,false
grid rate=1000000 rtt=300ms loss=5%,1,0.888,0.888,340.6,756.6,1374.3,340.8,753.9,386,15.7,0,2429,1.000,false
grid rate=1000000 rtt=300ms loss=5%,2,0.884,0.884,340.0,1403.1,2057.0,340.4,1403.1,378,19.9,0,2425,1.000,false
grid rate=1000000 rtt=300ms loss=5%,3,0.879,0.879,340.5,1400.3,2032.1,340.6,1400.3,380,27.4,0,2359,1.000,false
grid rate=1000000 rtt=300ms loss=5%,4,0.881,0.881,340.3,1344.2,1538.6,340.3,1096.7,380,26.6,0,2443,1.000,false
grid rate=1000000 rtt=300ms loss=5%,5,0.886,0.886,341.7,1060.5,1401.7,342.6,1060.5,379,23.0,0,2357,1.000,false
grid rate=1000000 rtt=300ms loss=5%,6,0.874,0.874,340.9,864.7,1704.6,340.9,838.5,384,25.8,0,2421,1.000,false
grid rate=1000000 rtt=300ms loss=5%,7,0.883,0.883,340.8,1070.6,1502.9,340.7,751.2,379,27.0,0,2426,1.000,false
grid rate=1000000 rtt=300ms loss=5%,8,0.885,0.885,341.4,981.1,1419.2,341.6,979.6,375,27.2,0,2397,1.000,false
grid rate=1000000 rtt=300ms loss=5%,9,0.884,0.884,341.5,1243.4,1445.9,341.5,781.2,373,24.4,0,2424,1.000,false
grid rate=1000000 rtt=300ms loss=5%,10,0.875,0.875,340.4,1150.8,1402.7,343.6,1150.8,385,22.2,0,2493,1.000,false
grid rate=1000000 rtt=300ms loss=5%,11,0.871,0.871,340.3,1092.0,1777.8,340.6,1092.0,385,27.1,0,2415,1.000,false
grid rate=1000000 rtt=300ms loss=5%,12,0.881,0.881,341.4,1319.9,1423.3,342.2,1319.9,379,27.8,0,2447,1.000,false
grid rate=1000000 rtt=300ms loss=5%,13,0.879,0.879,341.2,788.3,1390.3,341.7,780.5,381,28.1,0,2368,1.000,false
grid rate=1000000 rtt=300ms loss=5%,14,0.886,0.886,341.2,1098.5,1512.0,341.2,1098.5,382,27.7,0,2401,1.000,false
grid rate=1000000 rtt=300ms loss=5%,15,0.881,0.881,341.9,1148.3,1401.0,341.9,1148.3,374,27.2,0,2390,1.000,false
grid rate=1000000 rtt=300ms loss=5%,16,0.890,0.890,342.1,1243.5,1392.9,341.9,1110.2,370,27.8,0,2389,1.000,false
grid rate=1000000 rtt=300ms loss=5%,17,0.875,0.875,342.1,1077.5,2022.5,343.2,1077.5,371,27.4,0,2426,1.000,false
grid rate=1000000 rtt=300ms loss=5%,18,0.877,0.877,341.0,1383.3,1396.2,341.0,1383.3,374,36.0,48,2428,1.000,false
grid rate=1000000 rtt=300ms loss=5%,19,0.869,0.869,340.4,1056.4,1393.6,340.5,953.1,389,25.0,0,2447,1.000,false
grid rate=1000000 rtt=300ms loss=5%,20,0.875,0.875,340.0,1365.3,1413.3,340.1,1365.3,383,28.2,0,2387,1.000,false
grid rate=10000000 rtt=20ms loss=0,1,9.459,0.946,23.1,28.9,35.4,23.1,25.0,596,20.1,0,0,1.000,false
grid rate=10000000 rtt=20ms loss=0,2,9.459,0.946,23.1,28.8,35.4,23.1,25.0,596,20.1,0,0,1.000,false
grid rate=10000000 rtt=20ms loss=0,3,9.459,0.946,23.1,28.9,35.4,23.1,25.0,596,20.1,0,0,1.000,false
grid rate=10000000 rtt=20ms loss=0,4,9.459,0.946,23.1,28.9,35.4,23.1,25.0,596,20.1,0,0,1.000,false
grid rate=10000000 rtt=20ms loss=0,5,9.459,0.946,23.1,28.9,35.4,23.1,25.0,596,20.1,0,0,1.000,false
grid rate=10000000 rtt=20ms loss=0,6,9.459,0.946,23.1,28.9,35.4,23.1,25.0,596,20.1,0,0,1.000,false
grid rate=10000000 rtt=20ms loss=0,7,9.459,0.946,23.1,28.8,35.4,23.1,25.0,596,20.1,0,0,1.000,false
grid rate=10000000 rtt=20ms loss=0,8,9.459,0.946,23.1,28.8,35.4,23.1,25.0,596,20.1,0,0,1.000,false
grid rate=10000000 rtt=20ms loss=0,9,9.459,0.946,23.1,28.9,35.4,23.1,25.0,596,20.1,0,0,1.000,false
grid rate=10000000 rtt=20ms loss=0,10,9.459,0.946,23.1,28.9,35.4,23.1,25.0,596,20.1,0,0,1.000,false
grid rate=10000000 rtt=20ms loss=0,11,9.459,0.946,23.1,28.9,35.4,23.1,25.0,596,20.1,0,0,1.000,false
grid rate=10000000 rtt=20ms loss=0,12,9.459,0.946,23.1,28.8,35.4,23.1,25.0,596,20.1,0,0,1.000,false
grid rate=10000000 rtt=20ms loss=0,13,9.459,0.946,23.1,28.9,35.4,23.1,25.0,596,20.1,0,0,1.000,false
grid rate=10000000 rtt=20ms loss=0,14,9.459,0.946,23.1,28.8,35.4,23.1,25.0,596,20.1,0,0,1.000,false
grid rate=10000000 rtt=20ms loss=0,15,9.459,0.946,23.1,28.9,35.4,23.1,25.0,596,20.1,0,0,1.000,false
grid rate=10000000 rtt=20ms loss=0,16,9.459,0.946,23.1,28.8,35.4,23.1,25.0,596,20.1,0,0,1.000,false
grid rate=10000000 rtt=20ms loss=0,17,9.459,0.946,23.1,28.9,35.4,23.1,25.0,596,20.1,0,0,1.000,false
grid rate=10000000 rtt=20ms loss=0,18,9.459,0.946,23.1,28.8,35.4,23.1,25.0,596,20.1,0,0,1.000,false
grid rate=10000000 rtt=20ms loss=0,19,9.459,0.946,23.1,28.8,35.4,23.1,25.0,596,20.1,0,0,1.000,false
grid rate=10000000 rtt=20ms loss=0,20,9.459,0.946,23.1,28.9,35.4,23.1,25.0,596,20.1,0,0,1.000,false
grid rate=10000000 rtt=20ms loss=0.1%,1,9.448,0.945,23.1,28.9,35.4,23.1,25.0,596,20.1,0,56,1.000,false
grid rate=10000000 rtt=20ms loss=0.1%,2,9.451,0.945,23.1,30.7,49.9,23.1,25.0,594,20.1,0,53,1.000,false
grid rate=10000000 rtt=20ms loss=0.1%,3,9.449,0.945,23.1,30.7,53.8,23.1,25.0,595,20.1,0,56,1.000,false
grid rate=10000000 rtt=20ms loss=0.1%,4,9.449,0.945,23.1,28.8,35.4,23.1,25.0,596,20.1,0,67,1.000,false
grid rate=10000000 rtt=20ms loss=0.1%,5,9.437,0.944,23.1,30.7,62.5,23.1,25.1,595,20.1,0,51,1.000,false
grid rate=10000000 rtt=20ms loss=0.1%,6,9.450,0.945,23.1,28.9,35.4,23.1,25.0,596,20.1,0,49,1.000,false
grid rate=10000000 rtt=20ms loss=0.1%,7,9.448,0.945,23.1,30.4,51.9,23.1,25.0,595,20.1,0,57,1.000,false
grid rate=10000000 rtt=20ms loss=0.1%,8,9.445,0.944,23.1,32.5,53.4,23.1,25.0,595,20.1,0,54,1.000,false
grid rate=10000000 rtt=20ms loss=0.1%,9,9.451,0.945,23.1,29.7,83.5,23.1,25.0,593,21.0,0,43,1.000,false
grid rate=10000000 rtt=20ms loss=0.1%,10,9.456,0.946,23.1,30.4,55.7,23.1,25.1,594,20.1,0,47,1.000,false
grid rate=10000000 rtt=20ms loss=0.1%,11,9.441,0.944,23.1,34.6,51.1,23.2,34.6,592,23.6,5,68,1.000,false
grid rate=10000000 rtt=20ms loss=0.1%,12,9.450,0.945,23.1,31.7,35.6,23.1,26.0,595,20.1,0,54,1.000,false
grid rate=10000000 rtt=20ms loss=0.1%,13,9.448,0.945,23.1,30.4,53.7,23.1,25.0,595,20.1,0,49,1.000,false
grid rate=10000000 rtt=20ms loss=0.1%,14,9.449,0.945,23.1,35.4,51.9,23.1,35.5,590,23.5,10,64,1.000,false
grid rate=10000000 rtt=20ms loss=0.1%,15,9.447,0.945,23.1,30.4,52.2,23.1,25.0,595,20.1,0,52,1.000,false
grid rate=10000000 rtt=20ms loss=0.1%,16,9.448,0.945,23.1,32.5,52.3,23.1,26.0,594,20.1,0,50,1.000,false
grid rate=10000000 rtt=20ms loss=0.1%,17,9.446,0.945,23.1,28.8,35.4,23.1,25.0,596,20.1,0,55,1.000,false
grid rate=10000000 rtt=20ms loss=0.1%,18,9.450,0.945,23.1,25.9,50.0,23.1,25.0,596,20.1,0,64,1.000,false
grid rate=10000000 rtt=20ms loss=0.1%,19,9.421,0.942,23.1,33.6,52.0,23.1,25.0,596,23.0,3,56,1.000,false
grid rate=10000000 rtt=20ms loss=0.1%,20,9.445,0.945,23.1,32.5,52.7,23.1,25.0,594,20.1,0,60,1.000,false
grid rate=10000000 rtt=20ms loss=1%,1,9.344,0.934,23.2,48.3,53.0,23.2,34.6,595,20.1,0,672,1.000,false
grid rate=10000000 rtt=20ms loss=1%,2,9.341,0.934,23.2,49.1,54.8,23.2,49.1,595,20.1,0,703,1.000,false
grid rate=10000000 rtt=20ms loss=1%,3,9.342,0.934,23.2,49.5,78.0,23.2,49.0,592,21.7,0,721,1.000,false
grid rate=10000000 rtt=20ms loss=1%,4,9.301,0.930,23.3,53.5,74.7,23.3,52.4,589,20.1,0,717,1.000,false
grid rate=10000000 rtt=20ms loss=1%,5,9.339,0.934,23.1,51.4,53.5,23.2,51.4,591,20.1,0,647,1.000,false
grid rate=10000000 rtt=20ms loss=1%,6,9.322,0.932,24.0,49.7,83.6,24.1,36.6,584,22.9,12,674,1.000,false
grid rate=10000000 rtt=20ms loss=1%,7,9.349,0.935,23.7,52.4,127.1,23.2,52.1,580,21.2,0,680,1.000,false
grid rate=10000000 rtt=20ms loss=1%,8,9.316,0.932,23.2,49.5,53.0,23.2,49.5,596,22.6,0,709,1.000,false
grid rate=10000000 rtt=20ms loss=1%,9,9.336,0.934,23.2,51.0,83.5,23.2,51.0,591,23.5,135,701,1.000,false
grid rate=10000000 rtt=20ms loss=1%,10,9.322,0.932,23.1,52.6,59.7,23.2,50.9,588,23.7,9,728,1.000,false
grid rate=10000000 rtt=20ms loss=1%,11,9.332,0.933,23.2,52.9,75.4,23.2,53.7,592,22.5,0,733,1.000,false
grid rate=10000000 rtt=20ms loss=1%,12,9.322,0.932,23.2,52.4,73.1,23.2,51.5,594,20.1,0,690,1.000,false
grid rate=10000000 rtt=20ms loss=1%,13,9.319,0.932,23.2,52.0,70.8,23.2,52.0,593,22.7,1,682,1.000,false
grid rate=10000000 rtt=20ms loss=1%,14,9.352,0.935,23.2,50.6,53.2,23.2,49.0,592,22.7,3,661,1.000,false
grid rate=10000000 rtt=20ms loss=1%,15,9.329,0.933,23.2,51.8,72.2,23.2,51.9,588,21.2,0,701,1.000,false
grid rate=10000000 rtt=20ms loss=1%,16,9.345,0.934,23.3,55.1,66.2,23.3,54.3,584,22.5,0,626,1.000,false
grid rate=10000000 rtt=20ms loss=1%,17,9.342,0.934,23.3,52.8,72.2,23.3,52.0,588,20.1,0,719,1.000,false
grid rate=10000000 rtt=20ms loss=1%,18,9.289,0.929,23.4,53.7,70.4,23.6,53.7,582,23.1,1,739,1.000,false
grid rate=10000000 rtt=20ms loss=1%,19,9.305,0.931,23.2,52.1,78.0,23.2,52.1,592,23.2,4,713,1.000,false
grid rate=10000000 rtt=20ms loss=1%,20,9.341,0.934,23.2,51.1,67.7,23.2,51.1,590,23.2,2,690,1.000,false
grid rate=10000000 rtt=20ms loss=5%,1,8.710,0.871,23.7,91.2,141.0,23.7,107.7,592,23.0,2,3129,1.000,false
grid rate=10000000 rtt=20ms loss=5%,2,8.746,0.875,23.8,64.5,123.0,23.8,56.8,589,23.2,12,3118,1.000,false
grid rate=10000000 rtt=20ms loss=5%,3,8.734,0.873,23.8,79.8,237.0,23.8,79.8,589,23.0,3,3133,1.000,false
grid rate=10000000 rtt=20ms loss=5%,4,8.722,0.872,23.8,102.4,120.2,23.8,106.4,583,21.6,0,3187,1.000,false
grid rate=10000000 rtt=20ms loss=5%,5,8.755,0.876,24.0,58.9,104.2,24.1,56.8,588,21.2,0,3028,1.000,false
grid rate=10000000 rtt=20ms loss=5%,6,8.708,0.871,23.7,73.1,196.8,23.6,61.5,585,23.2,5,3094,1.000,false
grid rate=10000000 rtt=20ms loss=5%,7,8.709,0.871,23.7,85.9,238.0,23.7,108.6,585,23.2,2,3151,1.000,false
grid rate=10000000 rtt=20ms loss=5%,8,8.855,0.885,24.0,87.5,109.9,23.8,74.7,569,24.0,5,3047,1.000,false
grid rate=10000000 rtt=20ms loss=5%,9,8.781,0.878,23.9,101.4,226.6,24.1,106.9,573,22.2,0,3141,1.000,false
grid rate=10000000 rtt=20ms loss=5%,10,8.750,0.875,24.0,59.9,117.3,23.9,59.9,583,23.0,1,3231,1.000,false
grid rate=10000000 rtt=20ms loss=5%,11,8.649,0.865,23.8,78.4,114.7,23.8,82.7,594,23.1,12,3136,1.000,false
grid rate=10000000 rtt=20ms loss=5%,12,8.617,0.862,23.8,72.0,89.6,23.8,73.8,597,23.1,3,3112,1.000,false
grid rate=10000000 rtt=20ms loss=5%,13,8.678,0.868,23.8,80.2,114.3,23.8,80.2,585,23.1,7,3085,1.000,false
grid rate=10000000 rtt=20ms loss=5%,14,8.819,0.882,23.7,87.0,239.2,23.7,54.8,589,24.1,345,3093,1.000,false
grid rate=10000000 rtt=20ms loss=5%,15,8.658,0.866,23.6,56.9,110.3,23.6,102.4,601,23.2,5,3157,1.000,false
grid rate=10000000 rtt=20ms loss=5%,16,8.764,0.876,24.1,82.3,234.5,24.2,105.3,580,24.2,11,3094,1.000,false
grid rate=10000000 rtt=20ms loss=5%,17,8.728,0.873,23.8,60.2,116.4,23.8,58.1,598,23.0,1,3154,1.000,false
grid rate=10000000 rtt=20ms loss=5%,18,8.646,0.865,23.7,75.2,118.4,23.7,64.9,590,23.3,9,3157,1.000,false
grid rate=10000000 rtt=20ms loss=5%,19,8.613,0.861,23.8,78.8,133.6,23.7,110.9,593,23.2,5,3090,1.000,false
grid rate=10000000 rtt=20ms loss=5%,20,8.664,0.866,23.8,72.0,129.3,23.8,63.6,584,23.2,8,3116,1.000,false
grid rate=10000000 rtt=100ms loss=0,1,9.075,0.908,103.5,150.5,155.5,103.5,113.1,209,67.7,0,0,1.000,false
grid rate=10000000 rtt=100ms loss=0,2,9.075,0.908,103.5,150.5,155.5,103.5,113.1,209,67.7,0,0,1.000,false
grid rate=10000000 rtt=100ms loss=0,3,9.075,0.908,103.5,150.5,155.5,103.5,113.1,209,67.7,0,0,1.000,false
grid rate=10000000 rtt=100ms loss=0,4,9.075,0.908,103.5,150.5,155.5,103.5,113.1,209,67.7,0,0,1.000,false
grid rate=10000000 rtt=100ms loss=0,5,9.075,0.908,103.5,150.5,155.5,103.5,113.1,209,67.7,0,0,1.000,false
grid rate=10000000 rtt=100ms loss=0,6,9.075,0.908,103.5,150.5,155.5,103.5,113.1,209,67.7,0,0,1.000,false
grid rate=10000000 rtt=100ms loss=0,7,9.075,0.908,103.5,150.5,155.5,103.5,113.1,209,67.7,0,0,1.000,false
grid rate=10000000 rtt=100ms loss=0,8,9.075,0.908,103.5,150.5,155.5,103.5,113.1,209,67.7,0,0,1.000,false
grid rate=10000000 rtt=100ms loss=0,9,9.075,0.908,103.5,150.5,155.5,103.5,113.1,209,67.7,0,0,1.000,false
grid rate=10000000 rtt=100ms loss=0,10,9.075,0.908,103.5,150.5,155.5,103.5,113.1,209,67.7,0,0,1.000,false
grid rate=10000000 rtt=100ms loss=0,11,9.075,0.908,103.5,150.5,155.5,103.5,113.1,209,67.7,0,0,1.000,false
grid rate=10000000 rtt=100ms loss=0,12,9.075,0.908,103.5,150.5,155.5,103.5,113.1,209,67.7,0,0,1.000,false
grid rate=10000000 rtt=100ms loss=0,13,9.075,0.908,103.5,150.5,155.5,103.5,113.1,209,67.7,0,0,1.000,false
grid rate=10000000 rtt=100ms loss=0,14,9.075,0.908,103.5,150.5,155.5,103.5,113.1,209,67.7,0,0,1.000,false
grid rate=10000000 rtt=100ms loss=0,15,9.075,0.908,103.5,150.5,155.5,103.5,113.1,209,67.7,0,0,1.000,false
grid rate=10000000 rtt=100ms loss=0,16,9.075,0.908,103.5,150.5,155.5,103.5,113.1,209,67.7,0,0,1.000,false
grid rate=10000000 rtt=100ms loss=0,17,9.075,0.908,103.5,150.5,155.5,103.5,113.1,209,67.7,0,0,1.000,false
grid rate=10000000 rtt=100ms loss=0,18,9.075,0.908,103.5,150.5,155.5,103.5,113.1,209,67.7,0,0,1.000,false
grid rate=10000000 rtt=100ms loss=0,19,9.075,0.908,103.5,150.5,155.5,103.5,113.1,209,67.7,0,0,1.000,false
grid rate=10000000 rtt=100ms loss=0,20,9.075,0.908,103.5,150.5,155.5,103.5,113.1,209,67.7,0,0,1.000,false
grid rate=10000000 rtt=100ms loss=0.1%,1,9.173,0.917,103.5,150.5,155.5,103.5,109.3,208,67.7,0,50,1.000,false
grid rate=10000000 rtt=100ms loss=0.1%,2,9.253,0.925,104.5,148.6,155.5,103.6,115.0,204,76.0,0,52,1.000,false
grid rate=10000000 rtt=100ms loss=0.1%,3,9.148,0.915,103.5,152.4,214.2,103.5,111.3,206,67.8,0,54,1.000,false
grid rate=10000000 rtt=100ms loss=0.1%,4,9.079,0.908,104.0,155.5,239.0,104.5,211.4,205,67.7,0,67,1.000,false
grid rate=10000000 rtt=100ms loss=0.1%,5,9.085,0.908,103.5,152.5,159.0,103.5,114.1,208,78.9,0,48,1.000,false
grid rate=10000000 rtt=100ms loss=0.1%,6,9.076,0.908,103.5,150.5,155.5,103.5,109.6,208,67.7,0,49,1.000,false
grid rate=10000000 rtt=100ms loss=0.1%,7,8.991,0.899,103.5,150.5,155.5,103.5,122.8,210,67.7,0,56,1.000,false
grid rate=10000000 rtt=100ms loss=0.1%,8,9.183,0.918,103.5,115.4,215.7,103.6,115.0,208,26.9,0,51,1.000,false
grid rate=10000000 rtt=100ms loss=0.1%,9,9.067,0.907,104.5,150.5,155.5,104.5,113.1,208,67.7,0,42,1.000,false
grid rate=10000000 rtt=100ms loss=0.1%,10,9.145,0.915,103.5,151.5,155.5,103.5,114.1,207,67.8,0,47,1.000,false
grid rate=10000000 rtt=100ms loss=0.1%,11,9.081,0.908,103.5,152.4,239.6,103.5,117.0,207,72.5,0,67,1.000,false
grid rate=10000000 rtt=100ms loss=0.1%,12,9.204,0.920,103.6,111.2,112.4,103.6,111.2,209,21.3,0,53,1.000,false
grid rate=10000000 rtt=100ms loss=0.1%,13,9.221,0.922,103.6,152.4,216.4,103.6,111.6,205,67.7,0,48,1.000,false
grid rate=10000000 rtt=100ms loss=0.1%,14,9.111,0.911,103.6,151.5,155.5,103.6,115.4,207,67.8,0,62,1.000,false
grid rate=10000000 rtt=100ms loss=0.1%,15,9.013,0.901,103.6,150.5,155.5,103.6,116.9,209,75.7,0,51,1.000,false
grid rate=10000000 rtt=100ms loss=0.1%,16,9.167,0.917,103.5,152.4,224.4,103.5,114.1,205,67.7,0,49,1.000,false
grid rate=10000000 rtt=100ms loss=0.1%,17,9.190,0.919,103.6,150.5,155.5,104.5,110.2,207,67.7,0,52,1.000,false
grid rate=10000000 rtt=100ms loss=0.1%,18,9.150,0.915,103.6,151.5,155.5,103.6,107.5,207,71.3,0,61,1.000,false
grid rate=10000000 rtt=100ms loss=0.1%,19,9.154,0.915,103.5,152.4,155.5,103.5,112.2,207,67.7,0,55,1.000,false
grid rate=10000000 rtt=100ms loss=0.1%,20,9.091,0.909,104.5,149.6,155.5,104.5,113.5,208,75.7,0,59,1.000,false
grid rate=10000000 rtt=100ms loss=1%,1,8.962,0.896,103.7,186.0,220.4,103.6,212.3,207,120.8,6,570,1.000,false
grid rate=10000000 rtt=100ms loss=1%,2,8.997,0.900,103.6,215.0,218.6,104.5,215.1,208,36.3,0,593,1.000,false
grid rate=10000000 rtt=100ms loss=1%,3,9.080,0.908,103.6,217.0,352.3,104.5,214.7,204,27.0,0,614,1.000,false
grid rate=10000000 rtt=100ms loss=1%,4,8.617,0.862,103.6,212.6,219.2,103.6,215.7,217,102.1,0,610,1.000,false
grid rate=10000000 rtt=100ms loss=1%,5,8.933,0.893,104.5,213.8,254.0,104.5,216.6,207,35.8,0,538,1.000,false
grid rate=10000000 rtt=100ms loss=1%,6,8.878,0.888,104.5,212.3,276.0,104.5,212.3,207,73.7,0,579,1.000,false
grid rate=10000000 rtt=100ms loss=1%,7,9.051,0.905,103.6,119.6,212.3,104.5,211.8,210,31.1,0,578,1.000,false
grid rate=10000000 rtt=100ms loss=1%,8,8.900,0.890,104.6,232.9,326.8,104.5,232.9,201,72.1,0,594,1.000,false
grid rate=10000000 rtt=100ms loss=1%,9,8.914,0.891,104.5,153.1,212.8,104.5,210.1,212,91.5,0,567,1.000,false
grid rate=10000000 rtt=100ms loss=1%,10,8.899,0.890,103.6,215.8,224.1,104.5,218.9,209,69.7,0,614,1.000,false
grid rate=10000000 rtt=100ms loss=1%,11,8.964,0.896,104.5,153.4,214.1,104.5,213.5,210,120.9,3,612,1.000,false
grid rate=10000000 rtt=100ms loss=1%,12,9.029,0.903,103.5,152.5,214.8,103.7,213.1,211,64.5,0,587,1.000,false
grid rate=10000000 rtt=100ms loss=1%,13,9.029,0.903,104.6,214.4,227.0,104.5,214.9,202,96.6,0,587,1.000,false
grid rate=10000000 rtt=100ms loss=1%,14,8.789,0.879,103.6,212.0,432.7,103.6,212.1,212,90.8,0,574,1.000,false
grid rate=10000000 rtt=100ms loss=1%,15,8.779,0.878,104.5,163.7,249.3,104.5,215.7,213,100.7,0,587,1.000,false
grid rate=10000000 rtt=100ms loss=1%,16,9.109,0.911,104.5,156.3,212.9,104.5,211.0,204,73.6,0,539,1.000,false
grid rate=10000000 rtt=100ms loss=1%,17,9.066,0.907,104.5,114.3,221.7,103.9,108.4,210,17.9,0,612,1.000,false
grid rate=10000000 rtt=100ms loss=1%,18,8.882,0.888,104.5,214.8,223.2,104.5,214.8,213,30.7,0,656,1.000,false
grid rate=10000000 rtt=100ms loss=1%,19,8.906,0.891,103.6,210.3,252.4,103.6,210.3,208,108.8,0,615,1.000,false
grid rate=10000000 rtt=100ms loss=1%,20,9.044,0.904,103.6,214.1,352.3,103.6,108.4,208,37.2,0,581,1.000,false
grid rate=10000000 rtt=100ms loss=5%,1,8.114,0.811,104.7,356.7,787.6,104.7,226.4,202,116.5,0,2728,1.000,false
grid rate=10000000 rtt=100ms loss=5%,2,7.326,0.733,104.7,441.6,623.2,104.8,455.7,224,66.9,0,2737,1.000,false
grid rate=10000000 rtt=100ms loss=5%,3,7.838,0.784,104.8,352.3,378.0,104.8,333.2,210,101.2,0,2727,1.000,false
grid rate=10000000 rtt=100ms loss=5%,4,6.806,0.681,104.6,284.7,313.6,104.6,276.2,248,92.6,0,2828,1.000,false
grid rate=10000000 rtt=100ms loss=5%,5,7.382,0.738,103.9,369.1,478.7,104.1,445.1,229,116.0,0,2648,1.000,false
grid rate=10000000 rtt=100ms loss=5%,6,6.863,0.686,104.0,326.3,584.9,104.7,326.3,241,67.3,0,2733,1.000,false
grid rate=10000000 rtt=100ms loss=5%,7,7.413,0.741,104.6,264.0,313.5,104.6,264.0,227,70.0,0,2738,1.000,false
grid rate=10000000 rtt=100ms loss=5%,8,7.869,0.787,104.6,238.4,430.9,104.6,251.6,223,64.5,0,2673,1.000,false
grid rate=10000000 rtt=100ms loss=5%,9,6.541,0.654,104.7,410.3,548.0,104.9,410.3,240,92.3,0,2767,1.000,false
grid rate=10000000 rtt=100ms loss=5%,10,8.431,0.843,104.6,236.6,277.6,104.6,214.9,209,63.4,0,2832,1.000,false
grid rate=10000000 rtt=100ms loss=5%,11,7.531,0.753,104.7,282.4,629.4,104.7,582.6,220,66.4,0,2756,1.000,false
grid rate=10000000 rtt=100ms loss=5%,12,7.323,0.732,104.6,292.2,570.5,104.6,541.1,230,70.3,0,2758,1.000,false
grid rate=10000000 rtt=100ms loss=5%,13,7.677,0.768,104.6,433.2,547.2,104.7,535.3,217,64.3,0,2675,1.000,false
grid rate=10000000 rtt=100ms loss=5%,14,7.630,0.763,104.6,311.9,643.7,104.7,311.9,224,108.5,0,2714,1.000,false
grid rate=10000000 rtt=100ms loss=5%,15,7.237,0.724,104.6,304.7,830.4,104.4,304.7,226,120.8,3,2765,1.000,false
grid rate=10000000 rtt=100ms loss=5%,16,7.904,0.790,104.6,322.2,720.0,104.7,271.3,204,66.6,0,2721,1.000,false
grid rate=10000000 rtt=100ms loss=5%,17,7.352,0.735,104.7,299.7,678.4,104.7,649.7,224,99.4,0,2769,1.000,false
grid rate=10000000 rtt=100ms loss=5%,18,7.444,0.744,104.3,320.3,879.8,104.7,776.3,227,98.0,0,2773,1.000,false
grid rate=10000000 rtt=100ms loss=5%,19,6.509,0.651,104.8,290.9,1163.2,104.8,283.1,248,97.3,0,2753,1.000,false
grid rate=10000000 rtt=100ms loss=5%,20,7.435,0.743,104.8,283.3,659.9,104.8,283.3,224,68.4,0,2744,1.000,false
grid rate=10000000 rtt=300ms loss=0,1,8.642,0.864,303.0,364.1,364.1,303.0,309.7,88,81.8,0,0,1.000,false
grid rate=10000000 rtt=300ms loss=0,2,8.642,0.864,303.0,364.1,364.1,303.0,309.7,88,81.8,0,0,1.000,false
grid rate=10000000 rtt=300ms loss=0,3,8.642,0.864,303.0,364.1,364.1,303.0,309.7,88,81.8,0,0,1.000,false
grid rate=10000000 rtt=300ms loss=0,4,8.642,0.864,303.0,364.1,364.1,303.0,309.7,88,81.8,0,0,1.000,false
grid rate=10000000 rtt=300ms loss=0,5,8.642,0.864,303.0,364.1,364.1,303.0,309.7,88,81.8,0,0,1.000,false
grid rate=10000000 rtt=300ms loss=0,6,8.642,0.864,303.0,364.1,364.1,303.0,309.7,88,81.8,0,0,1.000,false
grid rate=10000000 rtt=300ms loss=0,7,8.642,0.864,303.0,364.1,364.1,303.0,309.7,88,81.8,0,0,1.000,false
grid rate=10000000 rtt=300ms loss=0,8,8.642,0.864,303.0,364.1,364.1,303.0,309.7,88,81.8,0,0,1.000,false
grid rate=10000000 rtt=300ms loss=0,9,8.642,0.864,303.0,364.1,364.1,303.0,309.7,88,81.8,0,0,1.000,false
grid rate=10000000 rtt=300ms loss=0,10,8.642,0.864,303.0,364.1,364.1,303.0,309.7,88,81.8,0,0,1.000,false
grid rate=10000000 rtt=300ms loss=0,11,8.642,0.864,303.0,364.1,364.1,303.0,309.7,88,81.8,0,0,1.000,false
grid rate=10000000 rtt=300ms loss=0,12,8.642,0.864,303.0,364.1,364.1,303.0,309.7,88,81.8,0,0,1.000,false
grid rate=10000000 rtt=300ms loss=0,13,8.642,0.864,303.0,364.1,364.1,303.0,309.7,88,81.8,0,0,1.000,false
grid rate=10000000 rtt=300ms loss=0,14,8.642,0.864,303.0,364.1,364.1,303.0,309.7,88,81.8,0,0,1.000,false
grid rate=10000000 rtt=300ms loss=0,15,8.642,0.864,303.0,364.1,364.1,303.0,309.7,88,81.8,0,0,1.000,false
grid rate=10000000 rtt=300ms loss=0,16,8.642,0.864,303.0,364.1,364.1,303.0,309.7,88,81.8,0,0,1.000,false
grid rate=10000000 rtt=300ms loss=0,17,8.642,0.864,303.0,364.1,364.1,303.0,309.7,88,81.8,0,0,1.000,false
grid rate=10000000 rtt=300ms loss=0,18,8.642,0.864,303.0,364.1,364.1,303.0,309.7,88,81.8,0,0,1.000,false
grid rate=10000000 rtt=300ms loss=0,19,8.642,0.864,303.0,364.1,364.1,303.0,309.7,88,81.8,0,0,1.000,false
grid rate=10000000 rtt=300ms loss=0,20,8.642,0.864,303.0,364.1,364.1,303.0,309.7,88,81.8,0,0,1.000,false
grid rate=10000000 rtt=300ms loss=0.1%,1,8.544,0.854,303.0,384.1,384.1,303.0,306.8,89,165.0,0,56,1.000,false
grid rate=10000000 rtt=300ms loss=0.1%,2,8.428,0.843,303.0,425.4,425.4,303.0,425.4,90,195.4,0,54,1.000,false
grid rate=10000000 rtt=300ms loss=0.1%,3,8.627,0.863,303.0,364.1,364.1,303.0,309.7,89,81.8,0,56,1.000,false
grid rate=10000000 rtt=300ms loss=0.1%,4,8.498,0.850,303.0,388.9,388.9,303.0,388.9,89,163.8,0,67,1.000,false
grid rate=10000000 rtt=300ms loss=0.1%,5,7.277,0.728,304.9,770.4,770.4,306.5,770.4,88,365.0,396,67,1.000,false
grid rate=10000000 rtt=300ms loss=0.1%,6,8.393,0.839,303.0,431.1,431.1,303.0,309.9,91,168.7,0,49,1.000,false
grid rate=10000000 rtt=300ms loss=0.1%,7,8.634,0.863,303.0,362.2,362.2,303.0,309.7,88,81.8,0,57,1.000,false
grid rate=10000000 rtt=300ms loss=0.1%,8,8.093,0.809,303.0,425.1,425.1,303.0,425.1,94,167.3,0,55,1.000,false
grid rate=10000000 rtt=300ms loss=0.1%,9,8.627,0.863,303.0,364.1,364.1,303.0,313.5,88,81.8,0,44,1.000,false
grid rate=10000000 rtt=300ms loss=0.1%,10,8.597,0.860,303.0,612.1,612.1,303.0,612.1,88,165.0,0,48,1.000,false
grid rate=10000000 rtt=300ms loss=0.1%,11,8.606,0.861,303.0,612.4,612.4,303.0,612.4,88,143.8,0,68,1.000,false
grid rate=10000000 rtt=300ms loss=0.1%,12,7.095,0.709,302.0,599.3,599.3,302.7,596.3,97,365.3,3126,70,1.000,false
grid rate=10000000 rtt=300ms loss=0.1%,13,8.299,0.830,303.0,376.3,376.3,303.0,313.2,92,168.7,0,49,1.000,false
grid rate=10000000 rtt=300ms loss=0.1%,14,8.600,0.860,303.0,366.0,366.0,303.0,306.8,89,165.0,0,64,1.000,false
grid rate=10000000 rtt=300ms loss=0.1%,15,8.476,0.848,303.0,382.2,382.2,303.0,382.2,90,196.2,0,52,1.000,false
grid rate=10000000 rtt=300ms loss=0.1%,16,8.598,0.860,303.0,403.3,403.3,303.0,309.7,88,163.8,0,50,1.000,false
grid rate=10000000 rtt=300ms loss=0.1%,17,8.628,0.863,303.0,659.6,659.6,303.0,312.6,87,81.8,0,55,1.000,false
grid rate=10000000 rtt=300ms loss=0.1%,18,7.224,0.722,353.8,1409.0,1409.0,377.5,1409.0,80,365.8,988,75,1.000,false
grid rate=10000000 rtt=300ms loss=0.1%,19,8.635,0.864,303.0,364.1,364.1,303.0,309.7,88,81.8,0,56,1.000,false
grid rate=10000000 rtt=300ms loss=0.1%,20,8.529,0.853,303.0,351.2,351.2,303.0,308.7,90,155.0,0,61,1.000,false
grid rate=10000000 rtt=300ms loss=1%,1,7.816,0.782,303.0,612.7,612.7,304.0,612.7,96,202.7,0,531,1.000,false
grid rate=10000000 rtt=300ms loss=1%,2,7.808,0.781,303.9,617.9,617.9,303.9,351.6,96,195.9,0,569,1.000,false
grid rate=10000000 rtt=300ms loss=1%,3,7.491,0.749,303.0,645.9,645.9,305.9,645.9,100,156.0,0,579,1.000,false
grid rate=10000000 rtt=300ms loss=1%,4,7.690,0.769,302.3,646.8,646.8,305.9,646.8,96,196.1,0,567,1.000,false
grid rate=10000000 rtt=300ms loss=1%,5,7.754,0.775,303.6,418.0,418.0,304.0,418.0,98,155.0,0,502,1.000,false
grid rate=10000000 rtt=300ms loss=1%,6,7.168,0.717,303.0,352.7,373.6,304.0,373.6,106,196.0,0,553,1.000,false
grid rate=10000000 rtt=300ms loss=1%,7,7.345,0.735,303.5,389.9,630.9,303.9,630.9,103,165.3,0,528,1.000,false
grid rate=10000000 rtt=300ms loss=1%,8,7.571,0.757,303.0,631.4,631.4,304.8,631.4,98,108.7,0,574,1.000,false
grid rate=10000000 rtt=300ms loss=1%,9,7.321,0.732,329.9,751.0,751.0,342.3,751.0,90,365.9,1044,534,1.000,false
grid rate=10000000 rtt=300ms loss=1%,10,6.049,0.605,330.8,520.2,749.0,343.3,749.0,108,365.0,118,592,1.000,false
grid rate=10000000 rtt=300ms loss=1%,11,6.492,0.649,320.0,750.3,855.5,320.5,750.3,102,208.4,0,588,1.000,false
grid rate=10000000 rtt=300ms loss=1%,12,6.606,0.661,303.2,527.8,553.7,306.8,553.7,103,365.0,163,555,1.000,false
grid rate=10000000 rtt=300ms loss=1%,13,6.690,0.669,303.0,619.3,635.6,304.0,619.3,110,121.7,0,534,1.000,false
grid rate=10000000 rtt=300ms loss=1%,14,7.721,0.772,304.0,618.1,618.1,304.0,366.8,97,121.0,0,533,1.000,false
grid rate=10000000 rtt=300ms loss=1%,15,8.184,0.818,304.0,623.2,623.2,304.9,623.2,89,196.8,0,557,1.000,false
grid rate=10000000 rtt=300ms loss=1%,16,7.335,0.733,305.4,708.2,708.2,310.8,708.2,100,191.9,0,520,1.000,false
grid rate=10000000 rtt=300ms loss=1%,17,8.025,0.803,304.0,640.9,640.9,304.0,640.9,93,138.5,0,580,1.000,false
grid rate=10000000 rtt=300ms loss=1%,18,7.423,0.742,302.9,791.8,791.8,304.0,640.5,99,125.8,0,603,1.000,false
grid rate=10000000 rtt=300ms loss=1%,19,6.727,0.673,304.0,548.0,612.7,305.0,612.7,106,365.0,142,571,1.000,false
grid rate=10000000 rtt=300ms loss=1%,20,7.841,0.784,303.0,627.9,627.9,304.0,611.5,95,201.2,0,549,1.000,false
grid rate=10000000 rtt=300ms loss=5%,1,4.766,0.477,304.2,1051.1,1764.4,308.5,780.2,137,204.1,0,2839,1.000,false
grid rate=10000000 rtt=300ms loss=5%,2,4.033,0.403,300.8,1131.6,1163.5,303.7,1131.6,153,199.1,0,2831,1.000,false
grid rate=10000000 rtt=300ms loss=5%,3,5.226,0.523,303.2,1099.0,1674.5,305.5,1099.0,122,200.6,0,2828,1.000,false
grid rate=10000000 rtt=300ms loss=5%,4,4.347,0.435,300.1,1203.5,1211.3,300.1,874.0,148,194.0,0,2905,1.000,false
grid rate=10000000 rtt=300ms loss=5%,5,5.446,0.545,303.6,1140.1,1267.5,304.2,1140.1,124,192.1,0,2713,1.000,false
grid rate=10000000 rtt=300ms loss=5%,6,4.479,0.448,306.9,1052.3,1155.5,308.5,907.0,144,193.9,0,2818,1.000,false
grid rate=10000000 rtt=300ms loss=5%,7,4.100,0.410,300.1,726.8,1121.2,300.1,726.8,163,189.9,0,2872,1.000,false
grid rate=10000000 rtt=300ms loss=5%,8,4.619,0.462,303.2,719.3,926.7,304.1,708.0,148,202.4,0,2749,1.000,false
grid rate=10000000 rtt=300ms loss=5%,9,3.267,0.327,300.1,939.8,1331.8,300.1,959.6,204,298.5,0,2883,1.000,false
grid rate=10000000 rtt=300ms loss=5%,10,3.190,0.319,300.1,954.2,1104.8,300.1,993.4,205,154.8,0,3015,1.000,false
grid rate=10000000 rtt=300ms loss=5%,11,4.241,0.424,305.6,834.7,1080.3,315.2,834.7,146,365.0,47,2855,1.000,false
grid rate=10000000 rtt=300ms loss=5%,12,4.683,0.468,312.8,1209.1,1322.7,316.6,1149.4,124,210.9,0,2853,1.000,false
grid rate=10000000 rtt=300ms loss=5%,13,4.094,0.409,301.6,1219.7,1301.3,302.4,1219.7,159,199.3,0,2789,1.000,false
grid rate=10000000 rtt=300ms loss=5%,14,4.220,0.422,300.1,805.3,1289.2,300.9,805.3,160,211.6,0,2812,1.000,false
grid rate=10000000 rtt=300ms loss=5%,15,4.436,0.444,307.5,1123.1,1207.1,308.8,979.4,139,203.4,0,2860,1.000,false
grid rate=10000000 rtt=300ms loss=5%,16,4.135,0.414,302.9,758.5,833.0,306.0,758.5,153,208.6,0,2828,1.000,false
grid rate=10000000 rtt=300ms loss=5%,17,4.310,0.431,300.1,810.3,814.0,300.1,810.3,160,195.9,0,2887,1.000,false
grid rate=10000000 rtt=300ms loss=5%,18,5.436,0.544,303.6,1033.7,1051.1,304.2,692.4,129,193.7,0,2853,1.000,false
grid rate=10000000 rtt=300ms loss=5%,19,4.090,0.409,301.7,1087.5,1804.1,302.2,902.5,160,195.9,0,2833,1.000,false
grid rate=10000000 rtt=300ms loss=5%,20,4.505,0.450,304.2,1105.5,1209.5,309.8,1105.5,144,221.5,0,2838,1.000,false
grid rate=100000000 rtt=20ms loss=0,1,87.113,0.871,20.4,90.3,100.4,20.3,20.6,275,243.8,12574,0,1.000,false
grid rate=100000000 rtt=20ms loss=0,2,87.113,0.871,20.4,90.3,100.4,20.3,20.6,275,243.8,12574,0,1.000,false
grid rate=100000000 rtt=20ms loss=0,3,87.113,0.871,20.4,90.3,100.4,20.3,20.6,275,243.8,12574,0,1.000,false
grid rate=100000000 rtt=20ms loss=0,4,87.113,0.871,20.4,90.3,100.4,20.3,20.6,275,243.8,12574,0,1.000,false
grid rate=100000000 rtt=20ms loss=0,5,87.113,0.871,20.4,90.3,100.4,20.3,20.6,275,243.8,12574,0,1.000,false
grid rate=100000000 rtt=20ms loss=0,6,87.113,0.871,20.4,90.3,100.4,20.3,20.6,275,243.8,12574,0,1.000,false
grid rate=100000000 rtt=20ms loss=0,7,87.800,0.878,20.4,90.3,100.4,20.3,20.5,276,244.0,11988,0,1.000,false
grid rate=100000000 rtt=20ms loss=0,8,87.800,0.878,20.4,90.3,100.4,20.3,20.5,276,244.0,11988,0,1.000,false
grid rate=100000000 rtt=20ms loss=0,9,87.113,0.871,20.4,90.3,100.4,20.3,20.6,275,243.8,12574,0,1.000,false
grid rate=100000000 rtt=20ms loss=0,10,87.113,0.871,20.4,90.3,100.4,20.3,20.6,275,243.8,12574,0,1.000,false
grid rate=100000000 rtt=20ms loss=0,11,86.995,0.870,20.5,90.3,100.4,20.3,20.9,266,243.8,13569,0,1.000,false
grid rate=100000000 rtt=20ms loss=0,12,87.113,0.871,20.4,90.3,100.4,20.3,20.6,275,243.8,12574,0,1.000,false
grid rate=100000000 rtt=20ms loss=0,13,87.113,0.871,20.4,90.3,100.4,20.3,20.6,275,243.8,12574,0,1.000,false
grid rate=100000000 rtt=20ms loss=0,14,87.113,0.871,20.4,90.3,100.4,20.3,20.6,275,243.8,12574,0,1.000,false
grid rate=100000000 rtt=20ms loss=0,15,87.113,0.871,20.4,90.3,100.4,20.3,20.6,275,243.8,12574,0,1.000,false
grid rate=100000000 rtt=20ms loss=0,16,87.113,0.871,20.4,90.3,100.4,20.3,20.6,275,243.8,12574,0,1.000,false
grid rate=100000000 rtt=20ms loss=0,17,87.113,0.871,20.4,90.3,100.4,20.3,20.6,275,243.8,12574,0,1.000,false
grid rate=100000000 rtt=20ms loss=0,18,87.417,0.874,20.4,90.3,100.4,20.3,20.9,278,243.8,12044,0,1.000,false
grid rate=100000000 rtt=20ms loss=0,19,87.113,0.871,20.4,90.3,100.4,20.3,20.6,275,243.8,12574,0,1.000,false
grid rate=100000000 rtt=20ms loss=0,20,87.113,0.871,20.4,90.3,100.4,20.3,20.6,275,243.8,12574,0,1.000,false
grid rate=100000000 rtt=20ms loss=0.1%,1,87.219,0.872,20.4,40.0,40.0,20.3,20.8,290,244.0,12091,203,1.000,false
grid rate=100000000 rtt=20ms loss=0.1%,2,88.226,0.882,20.4,40.0,88.8,20.3,20.9,299,243.8,7917,206,1.000,false
grid rate=100000000 rtt=20ms loss=0.1%,3,82.768,0.828,26.3,100.0,104.6,20.7,40.0,254,243.8,17836,173,1.000,false
grid rate=100000000 rtt=20ms loss=0.1%,4,88.574,0.886,20.4,40.0,91.4,20.3,21.1,322,243.8,4398,246,1.000,false
grid rate=100000000 rtt=20ms loss=0.1%,5,85.837,0.858,20.7,40.0,100.9,20.5,26.2,323,243.8,5243,199,1.000,false
grid rate=100000000 rtt=20ms loss=0.1%,6,86.698,0.867,20.5,40.0,98.5,20.4,23.5,324,243.7,4142,215,1.000,false
grid rate=100000000 rtt=20ms loss=0.1%,7,90.558,0.906,20.3,29.2,39.9,20.3,20.6,337,243.2,35,193,1.000,false
grid rate=100000000 rtt=20ms loss=0.1%,8,92.019,0.920,20.3,31.0,41.7,20.3,20.6,330,211.4,0,189,1.000,false
grid rate=100000000 rtt=20ms loss=0.1%,9,84.747,0.847,20.5,40.0,99.5,20.4,27.0,327,243.7,4276,184,1.000,false
grid rate=100000000 rtt=20ms loss=0.1%,10,85.312,0.853,20.8,92.0,101.2,20.4,28.4,268,243.8,14400,184,1.000,false
grid rate=100000000 rtt=20ms loss=0.1%,11,86.299,0.863,20.4,90.4,104.4,20.3,21.0,287,243.8,10711,209,1.000,false
grid rate=100000000 rtt=20ms loss=0.1%,12,90.005,0.900,20.3,31.0,41.8,20.3,20.5,331,151.9,0,164,1.000,false
grid rate=100000000 rtt=20ms loss=0.1%,13,84.623,0.846,20.5,39.1,40.0,20.5,24.6,340,243.7,959,206,1.000,false
grid rate=100000000 rtt=20ms loss=0.1%,14,83.334,0.833,20.9,40.0,48.3,20.8,28.7,337,243.8,3169,198,1.000,false
grid rate=100000000 rtt=20ms loss=0.1%,15,85.148,0.851,20.8,40.0,101.2,20.8,26.5,326,243.8,4363,201,1.000,false
grid rate=100000000 rtt=20ms loss=0.1%,16,85.201,0.852,20.6,40.0,101.7,20.3,26.9,319,243.7,6023,192,1.000,false
grid rate=100000000 rtt=20ms loss=0.1%,17,86.403,0.864,20.6,40.0,101.6,20.4,24.4,324,243.8,4792,184,1.000,false
grid rate=100000000 rtt=20ms loss=0.1%,18,84.173,0.842,20.4,40.0,101.9,20.4,20.9,309,243.8,4344,212,1.000,false
grid rate=100000000 rtt=20ms loss=0.1%,19,92.105,0.921,20.3,31.2,44.5,20.3,20.6,329,159.7,0,161,1.000,false
grid rate=100000000 rtt=20ms loss=0.1%,20,89.777,0.898,20.3,38.6,75.2,20.3,20.7,332,243.7,920,203,1.000,false
grid rate=100000000 rtt=20ms loss=1%,1,89.997,0.900,20.4,41.9,42.0,20.4,41.6,332,78.8,0,1613,1.000,false
grid rate=100000000 rtt=20ms loss=1%,2,89.046,0.890,20.4,41.7,42.1,20.4,41.7,336,212.7,0,1616,1.000,false
grid rate=100000000 rtt=20ms loss=1%,3,88.594,0.886,20.4,60.0,118.7,20.4,42.0,320,116.6,0,1669,1.000,false
grid rate=100000000 rtt=20ms loss=1%,4,90.906,0.909,20.4,41.9,42.0,20.4,20.7,334,69.1,0,1589,1.000,false
grid rate=100000000 rtt=20ms loss=1%,5,89.316,0.893,20.3,30.1,44.5,20.3,41.8,342,136.1,0,1547,1.000,false
grid rate=100000000 rtt=20ms loss=1%,6,89.907,0.899,20.4,41.7,75.1,20.4,41.8,331,161.1,0,1534,1.000,false
grid rate=100000000 rtt=20ms loss=1%,7,85.350,0.854,20.3,41.7,89.8,20.3,41.7,329,243.6,917,1606,1.000,false
grid rate=100000000 rtt=20ms loss=1%,8,86.008,0.860,20.4,70.4,167.2,20.4,41.6,313,243.2,1174,1628,1.000,false
grid rate=100000000 rtt=20ms loss=1%,9,86.868,0.869,20.4,51.6,74.9,20.4,41.9,323,243.3,900,1574,1.000,false
grid rate=100000000 rtt=20ms loss=1%,10,86.790,0.868,20.4,41.7,68.0,20.4,20.6,333,242.8,11,1597,1.000,false
grid rate=100000000 rtt=20ms loss=1%,11,89.674,0.897,20.4,41.8,41.9,20.4,20.7,339,136.2,0,1642,1.000,false
grid rate=100000000 rtt=20ms loss=1%,12,89.516,0.895,20.4,41.6,44.4,20.4,20.7,336,193.2,0,1568,1.000,false
grid rate=100000000 rtt=20ms loss=1%,13,85.882,0.859,20.5,66.4,84.0,20.4,42.0,304,243.2,768,1598,1.000,false
grid rate=100000000 rtt=20ms loss=1%,14,86.751,0.868,20.4,41.7,76.1,20.4,41.7,329,243.7,721,1585,1.000,false
grid rate=100000000 rtt=20ms loss=1%,15,89.624,0.896,20.4,41.9,42.1,20.4,20.7,334,193.8,0,1599,1.000,false
grid rate=100000000 rtt=20ms loss=1%,16,90.530,0.905,20.4,41.8,43.5,20.4,41.7,325,149.8,0,1544,1.000,false
grid rate=100000000 rtt=20ms loss=1%,17,88.434,0.884,20.4,41.8,47.6,20.4,41.8,331,214.0,0,1604,1.000,false
grid rate=100000000 rtt=20ms loss=1%,18,88.418,0.884,20.4,41.8,70.2,20.4,41.7,336,242.6,5,1634,1.000,false
grid rate=100000000 rtt=20ms loss=1%,19,86.197,0.862,20.3,41.8,51.0,20.3,41.8,345,193.4,0,1614,1.000,false
grid rate=100000000 rtt=20ms loss=1%,20,87.856,0.879,20.4,41.7,94.5,20.4,41.6,334,242.9,41,1608,1.000,false
grid rate=100000000 rtt=20ms loss=5%,1,69.448,0.694,20.6,76.0,93.9,20.6,92.0,360,242.8,6,7835,1.000,false
grid rate=100000000 rtt=20ms loss=5%,2,67.741,0.677,20.5,79.1,84.7,20.5,75.3,374,176.0,0,7819,1.000,false
grid rate=100000000 rtt=20ms loss=5%,3,60.771,0.608,20.6,56.5,158.6,20.6,57.7,423,177.1,0,8138,1.000,false
grid rate=100000000 rtt=20ms loss=5%,4,60.173,0.602,20.7,69.6,107.9,20.7,70.3,420,206.7,0,7956,1.000,false
grid rate=100000000 rtt=20ms loss=5%,5,69.571,0.696,20.5,68.0,124.7,20.5,68.0,371,243.0,16,7721,1.000,false
grid rate=100000000 rtt=20ms loss=5%,6,66.186,0.662,20.5,84.0,150.7,20.5,78.7,386,179.3,0,7904,1.000,false
grid rate=100000000 rtt=20ms loss=5%,7,69.401,0.694,20.7,70.1,169.8,20.5,106.0,353,242.9,37,7928,1.000,false
grid rate=100000000 rtt=20ms loss=5%,8,64.991,0.650,20.5,82.8,106.2,20.5,69.4,399,242.9,31,7783,1.000,false
grid rate=100000000 rtt=20ms loss=5%,9,69.080,0.691,20.6,60.1,132.5,20.6,73.7,368,214.0,0,7989,1.000,false
grid rate=100000000 rtt=20ms loss=5%,10,67.215,0.672,20.5,90.4,119.4,20.5,91.0,362,188.4,0,7914,1.000,false
grid rate=100000000 rtt=20ms loss=5%,11,73.086,0.731,20.6,70.4,110.5,20.7,57.1,344,243.6,610,7854,1.000,false
grid rate=100000000 rtt=20ms loss=5%,12,69.339,0.693,20.5,71.3,116.5,20.5,57.3,369,139.9,0,7762,1.000,false
grid rate=100000000 rtt=20ms loss=5%,13,66.163,0.662,20.4,83.9,152.6,20.5,110.9,382,242.1,2,7922,1.000,false
grid rate=100000000 rtt=20ms loss=5%,14,71.224,0.712,20.5,79.6,124.5,20.5,82.9,353,213.5,0,7763,1.000,false
grid rate=100000000 rtt=20ms loss=5%,15,67.452,0.675,20.5,75.5,123.3,20.5,81.3,379,208.7,0,7867,1.000,false
grid rate=100000000 rtt=20ms loss=5%,16,73.262,0.733,20.7,70.2,116.3,20.6,55.9,337,243.0,49,7901,1.000,false
grid rate=100000000 rtt=20ms loss=5%,17,69.483,0.695,20.5,60.5,223.7,20.5,58.6,372,147.3,0,7860,1.000,false
grid rate=100000000 rtt=20ms loss=5%,18,70.128,0.701,20.4,109.2,157.8,20.5,109.2,366,141.2,0,7923,1.000,false
grid rate=100000000 rtt=20ms loss=5%,19,63.477,0.635,20.5,69.3,85.1,20.5,58.1,398,185.1,0,7848,1.000,false
grid rate=100000000 rtt=20ms loss=5%,20,71.581,0.716,20.6,64.7,172.0,20.6,64.7,355,143.2,0,7812,1.000,false
grid rate=100000000 rtt=100ms loss=0,1,79.469,0.795,100.4,125.1,125.1,100.4,101.1,83,418.6,0,0,1.000,false
grid rate=100000000 rtt=100ms loss=0,2,79.469,0.795,100.4,125.1,125.1,100.4,101.1,83,418.6,0,0,1.000,false
grid rate=100000000 rtt=100ms loss=0,3,79.469,0.795,100.4,125.1,125.1,100.4,101.1,83,418.6,0,0,1.000,false
grid rate=100000000 rtt=100ms loss=0,4,79.469,0.795,100.4,125.1,125.1,100.4,101.1,83,418.6,0,0,1.000,false
grid rate=100000000 rtt=100ms loss=0,5,79.469,0.795,100.4,125.1,125.1,100.4,101.1,83,418.6,0,0,1.000,false
grid rate=100000000 rtt=100ms loss=0,6,79.469,0.795,100.4,125.1,125.1,100.4,101.1,83,418.6,0,0,1.000,false
grid rate=100000000 rtt=100ms loss=0,7,79.469,0.795,100.4,125.1,125.1,100.4,101.1,83,418.6,0,0,1.000,false
grid rate=100000000 rtt=100ms loss=0,8,79.469,0.795,100.4,125.1,125.1,100.4,101.1,83,418.6,0,0,1.000,false
grid rate=100000000 rtt=100ms loss=0,9,79.469,0.795,100.4,125.1,125.1,100.4,101.1,83,418.6,0,0,1.000,false
grid rate=100000000 rtt=100ms loss=0,10,79.469,0.795,100.4,125.1,125.1,100.4,101.1,83,418.6,0,0,1.000,false
grid rate=100000000 rtt=100ms loss=0,11,79.469,0.795,100.4,125.1,125.1,100.4,101.1,83,418.6,0,0,1.000,false
grid rate=100000000 rtt=100ms loss=0,12,79.469,0.795,100.4,125.1,125.1,100.4,101.1,83,418.6,0,0,1.000,false
grid rate=100000000 rtt=100ms loss=0,13,79.469,0.795,100.4,125.1,125.1,100.4,101.1,83,418.6,0,0,1.000,false
grid rate=100000000 rtt=100ms loss=0,14,79.469,0.795,100.4,125.1,125.1,100.4,101.1,83,418.6,0,0,1.000,false
grid rate=100000000 rtt=100ms loss=0,15,79.469,0.795,100.4,125.1,125.1,100.4,101.1,83,418.6,0,0,1.000,false
grid rate=100000000 rtt=100ms loss=0,16,79.469,0.795,100.4,125.1,125.1,100.4,101.1,83,418.6,0,0,1.000,false
grid rate=100000000 rtt=100ms loss=0,17,79.469,0.795,100.4,125.1,125.1,100.4,101.1,83,418.6,0,0,1.000,false
grid rate=100000000 rtt=100ms loss=0,18,79.469,0.795,100.4,125.1,125.1,100.4,101.1,83,418.6,0,0,1.000,false
grid rate=100000000 rtt=100ms loss=0,19,79.469,0.795,100.4,125.1,125.1,100.4,101.1,83,418.6,0,0,1.000,false
grid rate=100000000 rtt=100ms loss=0,20,79.469,0.795,100.4,125.1,125.1,100.4,101.1,83,418.6,0,0,1.000,false
grid rate=100000000 rtt=100ms loss=0.1%,1,71.231,0.712,127.1,200.0,200.0,180.0,200.0,67,1220.2,13363,178,1.000,false
grid rate=100000000 rtt=100ms loss=0.1%,2,73.013,0.730,149.5,199.9,199.9,183.5,199.9,63,1220.3,16244,171,1.000,false
grid rate=100000000 rtt=100ms loss=0.1%,3,77.180,0.772,100.4,171.1,171.1,100.9,111.9,83,903.8,0,155,1.000,false
grid rate=100000000 rtt=100ms loss=0.1%,4,71.816,0.718,100.3,135.8,135.8,100.5,112.9,91,512.7,0,191,1.000,false
grid rate=100000000 rtt=100ms loss=0.1%,5,72.186,0.722,110.5,144.9,144.9,121.1,144.9,83,728.9,0,155,1.000,false
grid rate=100000000 rtt=100ms loss=0.1%,6,72.020,0.720,100.1,150.6,150.6,100.1,138.1,85,640.0,0,157,1.000,false
grid rate=100000000 rtt=100ms loss=0.1%,7,62.373,0.624,100.2,212.2,212.2,100.2,212.2,95,1219.5,2369,178,1.000,false
grid rate=100000000 rtt=100ms loss=0.1%,8,76.243,0.762,100.2,126.7,126.7,101.8,108.1,85,506.2,0,165,1.000,false
grid rate=100000000 rtt=100ms loss=0.1%,9,73.000,0.730,111.6,168.2,168.2,120.2,126.5,82,924.5,0,143,1.000,false
grid rate=100000000 rtt=100ms loss=0.1%,10,75.193,0.752,100.1,142.6,142.6,101.4,119.2,85,722.2,0,150,1.000,false
grid rate=100000000 rtt=100ms loss=0.1%,11,74.900,0.749,105.4,148.7,148.7,100.1,135.9,82,729.0,0,170,1.000,false
grid rate=100000000 rtt=100ms loss=0.1%,12,71.958,0.720,150.7,244.6,244.6,182.2,199.9,64,1220.1,16756,153,1.000,false
grid rate=100000000 rtt=100ms loss=0.1%,13,76.257,0.763,100.2,141.7,141.7,100.8,111.5,84,531.6,0,147,1.000,false
grid rate=100000000 rtt=100ms loss=0.1%,14,76.586,0.766,101.1,234.0,234.0,104.6,234.0,83,582.2,0,157,1.000,false
grid rate=100000000 rtt=100ms loss=0.1%,15,72.381,0.724,101.5,146.5,146.5,107.4,124.6,85,729.3,0,146,1.000,false
grid rate=100000000 rtt=100ms loss=0.1%,16,68.456,0.685,136.8,399.1,399.1,169.0,200.0,68,1220.3,12078,158,1.000,false
grid rate=100000000 rtt=100ms loss=0.1%,17,76.969,0.770,100.7,239.9,239.9,100.2,214.5,80,650.5,0,139,1.000,false
grid rate=100000000 rtt=100ms loss=0.1%,18,71.457,0.715,104.5,204.8,204.8,105.3,124.6,86,655.9,0,166,1.000,false
grid rate=100000000 rtt=100ms loss=0.1%,19,77.166,0.772,100.6,125.2,125.2,101.3,108.4,84,526.5,0,137,1.000,false
grid rate=100000000 rtt=100ms loss=0.1%,20,61.925,0.619,100.1,180.1,180.1,100.2,141.6,97,1219.5,2373,179,1.000,false
grid rate=100000000 rtt=100ms loss=1%,1,55.194,0.552,100.2,209.4,236.8,109.9,236.8,112,608.4,0,1521,1.000,false
grid rate=100000000 rtt=100ms loss=1%,2,57.394,0.574,100.2,245.0,256.7,111.7,256.7,105,911.5,0,1539,1.000,false
grid rate=100000000 rtt=100ms loss=1%,3,54.088,0.541,100.1,256.3,290.3,110.4,290.3,112,921.4,0,1581,1.000,false
grid rate=100000000 rtt=100ms loss=1%,4,56.225,0.562,100.0,251.9,262.4,115.7,262.4,109,916.6,0,1511,1.000,false
grid rate=100000000 rtt=100ms loss=1%,5,49.359,0.494,100.0,287.7,303.9,106.8,303.9,125,910.6,0,1488,1.000,false
grid rate=100000000 rtt=100ms loss=1%,6,60.247,0.602,106.5,133.1,148.9,118.2,148.9,102,920.2,0,1446,1.000,false
grid rate=100000000 rtt=100ms loss=1%,7,55.137,0.551,100.0,242.6,274.9,113.5,274.9,111,922.4,0,1510,1.000,false
grid rate=100000000 rtt=100ms loss=1%,8,51.411,0.514,100.0,266.5,400.4,108.9,266.5,115,918.3,0,1561,1.000,false
grid rate=100000000 rtt=100ms loss=1%,9,58.373,0.584,102.3,264.2,268.3,111.6,268.3,101,920.5,0,1491,1.000,false
grid rate=100000000 rtt=100ms loss=1%,10,50.873,0.509,100.0,211.7,217.6,108.7,217.6,121,920.7,0,1536,1.000,false
grid rate=100000000 rtt=100ms loss=1%,11,61.897,0.619,104.2,132.1,140.0,109.4,140.0,101,886.6,0,1577,1.000,false
grid rate=100000000 rtt=100ms loss=1%,12,56.274,0.563,103.7,149.9,315.8,116.0,315.8,109,924.0,0,1499,1.000,false
grid rate=100000000 rtt=100ms loss=1%,13,58.879,0.589,105.1,246.3,271.3,111.3,271.3,103,915.8,0,1514,1.000,false
grid rate=100000000 rtt=100ms loss=1%,14,60.039,0.600,103.5,157.3,201.0,111.5,157.3,102,903.0,0,1499,1.000,false
grid rate=100000000 rtt=100ms loss=1%,15,58.375,0.584,101.2,126.1,217.0,107.4,126.1,109,481.0,0,1530,1.000,false
grid rate=100000000 rtt=100ms loss=1%,16,60.776,0.608,114.9,200.0,200.0,149.5,200.0,85,1220.2,10336,1489,1.000,false
grid rate=100000000 rtt=100ms loss=1%,17,58.652,0.587,105.4,195.0,195.0,116.7,195.0,96,1219.5,278,1535,1.000,false
grid rate=100000000 rtt=100ms loss=1%,18,59.580,0.596,103.5,244.7,276.9,114.5,276.9,101,918.8,0,1566,1.000,false
grid rate=100000000 rtt=100ms loss=1%,19,54.473,0.545,100.0,192.1,215.3,100.1,180.9,117,1219.5,788,1515,1.000,false
grid rate=100000000 rtt=100ms loss=1%,20,60.459,0.605,103.8,156.9,166.7,112.5,166.7,102,922.1,0,1514,1.000,false
grid rate=100000000 rtt=100ms loss=5%,1,16.765,0.168,100.0,403.2,509.7,100.0,403.2,352,130.7,0,7895,1.000,false
grid rate=100000000 rtt=100ms loss=5%,2,18.735,0.187,100.0,263.5,488.1,100.0,403.2,316,722.4,0,7842,1.000,false
grid rate=100000000 rtt=100ms loss=5%,3,25.396,0.254,100.0,322.0,403.1,100.0,322.0,230,728.1,0,8068,1.000,false
grid rate=100000000 rtt=100ms loss=5%,4,29.752,0.298,100.0,313.3,360.9,100.0,313.3,195,747.7,0,7811,1.000,false
grid rate=100000000 rtt=100ms loss=5%,5,21.369,0.214,100.0,465.1,963.0,100.0,465.1,268,726.5,0,7707,1.000,false
grid rate=100000000 rtt=100ms loss=5%,6,23.020,0.230,100.0,254.8,403.5,100.0,220.4,264,800.0,0,7860,1.000,false
grid rate=100000000 rtt=100ms loss=5%,7,17.462,0.175,100.0,302.1,413.6,100.0,303.6,334,131.1,0,7986,1.000,false
grid rate=100000000 rtt=100ms loss=5%,8,20.147,0.201,100.0,309.0,809.8,100.0,309.0,296,670.9,0,7751,1.000,false
grid rate=100000000 rtt=100ms loss=5%,9,28.184,0.282,100.0,228.5,504.1,100.0,341.7,211,695.1,0,7926,1.000,false
grid rate=100000000 rtt=100ms loss=5%,10,23.922,0.239,100.0,244.5,410.9,100.0,244.2,247,743.7,0,7856,1.000,false
grid rate=100000000 rtt=100ms loss=5%,11,27.263,0.273,100.0,412.4,520.2,100.0,422.1,211,660.6,0,7826,1.000,false
grid rate=100000000 rtt=100ms loss=5%,12,23.830,0.238,100.0,293.4,335.9,100.0,242.7,243,438.1,0,7722,1.000,false
grid rate=100000000 rtt=100ms loss=5%,13,26.967,0.270,100.0,264.4,316.9,100.0,264.4,217,728.9,0,7830,1.000,false
grid rate=100000000 rtt=100ms loss=5%,14,19.461,0.195,100.0,217.9,404.2,100.0,271.5,309,707.7,0,7786,1.000,false
grid rate=100000000 rtt=100ms loss=5%,15,27.111,0.271,100.0,310.9,334.1,100.0,315.0,217,599.9,0,7818,1.000,false
grid rate=100000000 rtt=100ms loss=5%,16,28.287,0.283,100.0,247.8,403.1,100.1,242.0,209,728.9,0,7874,1.000,false
grid rate=100000000 rtt=100ms loss=5%,17,20.318,0.203,100.0,236.2,336.5,100.0,236.2,291,718.7,0,7863,1.000,false
grid rate=100000000 rtt=100ms loss=5%,18,23.639,0.236,100.0,293.4,517.7,100.0,233.0,244,592.9,0,7893,1.000,false
grid rate=100000000 rtt=100ms loss=5%,19,27.801,0.278,100.0,460.3,574.3,100.0,538.8,208,728.6,0,7767,1.000,false
grid rate=100000000 rtt=100ms loss=5%,20,25.568,0.256,100.0,324.2,484.7,100.0,458.5,226,701.6,0,7794,1.000,false
grid rate=100000000 rtt=300ms loss=0,1,49.620,0.496,300.0,499.9,499.9,302.7,499.9,46,2440.9,0,0,1.000,false
grid rate=100000000 rtt=300ms loss=0,2,49.620,0.496,300.0,499.9,499.9,302.7,499.9,46,2440.9,0,0,1.000,false
grid rate=100000000 rtt=300ms loss=0,3,49.620,0.496,300.0,499.9,499.9,302.7,499.9,46,2440.9,0,0,1.000,false
grid rate=100000000 rtt=300ms loss=0,4,49.620,0.496,300.0,499.9,499.9,302.7,499.9,46,2440.9,0,0,1.000,false
grid rate=100000000 rtt=300ms loss=0,5,49.620,0.496,300.0,499.9,499.9,302.7,499.9,46,2440.9,0,0,1.000,false
grid rate=100000000 rtt=300ms loss=0,6,49.620,0.496,300.0,499.9,499.9,302.7,499.9,46,2440.9,0,0,1.000,false
grid rate=100000000 rtt=300ms loss=0,7,49.620,0.496,300.0,499.9,499.9,302.7,499.9,46,2440.9,0,0,1.000,false
grid rate=100000000 rtt=300ms loss=0,8,49.620,0.496,300.0,499.9,499.9,302.7,499.9,46,2440.9,0,0,1.000,false
grid rate=100000000 rtt=300ms loss=0,9,49.620,0.496,300.0,499.9,499.9,302.7,499.9,46,2440.9,0,0,1.000,false
grid rate=100000000 rtt=300ms loss=0,10,49.620,0.496,300.0,499.9,499.9,302.7,499.9,46,2440.9,0,0,1.000,false
grid rate=100000000 rtt=300ms loss=0,11,49.620,0.496,300.0,499.9,499.9,302.7,499.9,46,2440.9,0,0,1.000,false
grid rate=100000000 rtt=300ms loss=0,12,49.620,0.496,300.0,499.9,499.9,302.7,499.9,46,2440.9,0,0,1.000,false
grid rate=100000000 rtt=300ms loss=0,13,49.620,0.496,300.0,499.9,499.9,302.7,499.9,46,2440.9,0,0,1.000,false
grid rate=100000000 rtt=300ms loss=0,14,49.620,0.496,300.0,499.9,499.9,302.7,499.9,46,2440.9,0,0,1.000,false
grid rate=100000000 rtt=300ms loss=0,15,49.620,0.496,300.0,499.9,499.9,302.7,499.9,46,2440.9,0,0,1.000,false
grid rate=100000000 rtt=300ms loss=0,16,49.620,0.496,300.0,499.9,499.9,302.7,499.9,46,2440.9,0,0,1.000,false
grid rate=100000000 rtt=300ms loss=0,17,49.620,0.496,300.0,499.9,499.9,302.7,499.9,46,2440.9,0,0,1.000,false
grid rate=100000000 rtt=300ms loss=0,18,49.620,0.496,300.0,499.9,499.9,302.7,499.9,46,2440.9,0,0,1.000,false
grid rate=100000000 rtt=300ms loss=0,19,49.620,0.496,300.0,499.9,499.9,302.7,499.9,46,2440.9,0,0,1.000,false
grid rate=100000000 rtt=300ms loss=0,20,49.620,0.496,300.0,499.9,499.9,302.7,499.9,46,2440.9,0,0,1.000,false
grid rate=100000000 rtt=300ms loss=0.1%,1,51.958,0.520,307.4,511.5,511.5,361.8,511.5,44,2604.2,0,190,1.000,false
grid rate=100000000 rtt=300ms loss=0.1%,2,50.632,0.506,300.0,586.6,586.6,364.0,586.6,45,3660.9,230,184,1.000,false
grid rate=100000000 rtt=300ms loss=0.1%,3,46.964,0.470,300.0,390.0,390.0,300.0,390.0,55,1229.4,0,161,1.000,false
grid rate=100000000 rtt=300ms loss=0.1%,4,39.622,0.396,300.0,497.5,497.5,307.4,497.5,60,2547.9,0,217,1.000,false
grid rate=100000000 rtt=300ms loss=0.1%,5,46.339,0.463,300.1,359.6,359.6,300.2,359.6,56,959.5,0,170,1.000,false
grid rate=100000000 rtt=300ms loss=0.1%,6,44.763,0.448,300.1,356.6,356.6,300.1,356.6,59,1243.4,0,186,1.000,false
grid rate=100000000 rtt=300ms loss=0.1%,7,45.731,0.457,300.0,372.2,372.2,300.0,372.2,56,1229.8,0,178,1.000,false
grid rate=100000000 rtt=300ms loss=0.1%,8,50.026,0.500,300.0,511.7,511.7,337.1,511.7,46,3151.2,0,187,1.000,false
grid rate=100000000 rtt=300ms loss=0.1%,9,55.705,0.557,300.2,499.9,499.9,357.0,499.9,41,3530.6,0,154,1.000,false
grid rate=100000000 rtt=300ms loss=0.1%,10,38.134,0.381,300.0,524.6,524.6,300.0,524.6,63,3264.2,0,184,1.000,false
grid rate=100000000 rtt=300ms loss=0.1%,11,50.235,0.502,300.8,600.0,600.0,347.3,600.0,43,3661.7,19923,198,1.000,false
grid rate=100000000 rtt=300ms loss=0.1%,12,48.097,0.481,300.3,348.3,348.3,300.4,348.3,54,1151.4,0,167,1.000,false
grid rate=100000000 rtt=300ms loss=0.1%,13,51.925,0.519,300.0,375.2,375.2,300.0,375.2,50,1220.1,0,163,1.000,false
grid rate=100000000 rtt=300ms loss=0.1%,14,51.257,0.513,300.1,350.8,350.8,301.5,350.8,51,776.1,0,170,1.000,false
grid rate=100000000 rtt=300ms loss=0.1%,15,44.607,0.446,300.0,383.8,383.8,300.0,383.8,58,1229.3,0,163,1.000,false
grid rate=100000000 rtt=300ms loss=0.1%,16,41.838,0.418,300.0,498.7,498.7,303.1,498.7,57,3172.6,0,168,1.000,false
grid rate=100000000 rtt=300ms loss=0.1%,17,58.187,0.582,300.2,506.4,506.4,373.6,506.4,40,3660.9,376,157,1.000,false
grid rate=100000000 rtt=300ms loss=0.1%,18,46.134,0.461,300.0,306.9,306.9,300.0,306.9,57,745.7,0,186,1.000,false
grid rate=100000000 rtt=300ms loss=0.1%,19,41.165,0.412,300.0,467.1,467.1,300.1,467.1,59,3088.1,0,166,1.000,false
grid rate=100000000 rtt=300ms loss=0.1%,20,47.994,0.480,300.0,587.0,587.0,347.9,587.0,48,3660.9,46,180,1.000,false
grid rate=100000000 rtt=300ms loss=1%,1,36.759,0.368,300.0,393.5,393.5,300.3,393.5,70,1437.4,0,1775,1.000,false
grid rate=100000000 rtt=300ms loss=1%,2,31.327,0.313,300.0,406.7,406.7,300.0,406.7,79,1620.8,0,1768,1.000,false
grid rate=100000000 rtt=300ms loss=1%,3,26.655,0.267,300.0,922.0,922.0,300.0,922.0,92,2313.8,0,1835,1.000,false
grid rate=100000000 rtt=300ms loss=1%,4,32.400,0.324,300.0,790.1,790.1,300.0,601.0,78,1257.6,0,1751,1.000,false
grid rate=100000000 rtt=300ms loss=1%,5,25.744,0.257,300.0,601.0,601.0,300.0,601.0,96,3660.9,705,1704,1.000,false
grid rate=100000000 rtt=300ms loss=1%,6,31.550,0.315,300.0,1050.2,1050.2,301.6,409.1,76,3357.0,0,1689,1.000,false
grid rate=100000000 rtt=300ms loss=1%,7,30.610,0.306,300.0,405.7,405.7,300.0,405.7,81,3340.3,0,1748,1.000,false
grid rate=100000000 rtt=300ms loss=1%,8,33.106,0.331,300.0,601.9,601.9,307.4,601.9,75,3067.8,0,1774,1.000,false
grid rate=100000000 rtt=300ms loss=1%,9,28.407,0.284,300.0,829.0,829.0,300.1,829.0,83,2087.3,0,1708,1.000,false
grid rate=100000000 rtt=300ms loss=1%,10,29.853,0.299,300.0,837.9,837.9,300.0,837.9,81,2382.2,0,1762,1.000,false
grid rate=100000000 rtt=300ms loss=1%,11,19.717,0.197,300.0,638.2,791.9,300.0,638.2,124,2461.2,0,1794,1.000,false
grid rate=100000000 rtt=300ms loss=1%,12,31.625,0.316,300.0,1262.6,1262.6,300.1,1262.6,76,1366.9,0,1714,1.000,false
grid rate=100000000 rtt=300ms loss=1%,13,33.827,0.338,300.0,384.1,384.1,300.0,384.1,77,1268.1,0,1756,1.000,false
grid rate=100000000 rtt=300ms loss=1%,14,30.176,0.302,300.0,634.9,634.9,300.0,634.9,82,1436.2,0,1729,1.000,false
grid rate=100000000 rtt=300ms loss=1%,15,27.847,0.278,300.0,740.9,740.9,300.0,395.4,92,1273.5,0,1755,1.000,false
grid rate=100000000 rtt=300ms loss=1%,16,35.261,0.353,300.1,677.4,677.4,306.5,677.4,70,1714.9,0,1674,1.000,false
grid rate=100000000 rtt=300ms loss=1%,17,23.622,0.236,300.0,602.5,1108.3,300.0,1108.3,104,3364.6,0,1794,1.000,false
grid rate=100000000 rtt=300ms loss=1%,18,23.644,0.236,300.0,610.8,1050.2,300.0,610.8,106,1232.5,0,1803,1.000,false
grid rate=100000000 rtt=300ms loss=1%,19,29.945,0.299,300.0,601.0,601.0,300.0,601.0,82,3660.9,347,1779,1.000,false
grid rate=100000000 rtt=300ms loss=1%,20,24.038,0.240,300.0,611.9,636.1,300.0,636.1,106,1271.0,0,1759,1.000,false
grid rate=100000000 rtt=300ms loss=5%,1,7.332,0.073,300.0,638.4,1203.2,300.0,638.4,318,8.9,0,8968,1.000,false
grid rate=100000000 rtt=300ms loss=5%,2,8.212,0.082,300.0,601.1,740.8,300.0,601.1,290,8.9,0,8897,1.000,false
grid rate=100000000 rtt=300ms loss=5%,3,11.303,0.113,300.0,633.9,1203.1,300.0,648.1,205,968.1,0,9133,1.000,false
grid rate=100000000 rtt=300ms loss=5%,4,8.753,0.088,300.0,1203.2,1205.1,300.0,1202.3,263,8.9,0,9069,1.000,false
grid rate=100000000 rtt=300ms loss=5%,5,9.001,0.090,300.0,901.0,1203.2,300.0,601.7,257,8.9,0,8819,1.000,false
grid rate=100000000 rtt=300ms loss=5%,6,9.206,0.092,300.0,601.6,1050.2,300.0,601.1,257,8.9,0,9022,1.000,false
grid rate=100000000 rtt=300ms loss=5%,7,10.001,0.100,300.0,1202.1,1869.1,300.0,1202.1,229,968.2,0,9063,1.000,false
grid rate=100000000 rtt=300ms loss=5%,8,7.546,0.075,300.0,1202.0,1239.7,300.0,1202.1,311,8.9,0,8830,1.000,false
grid rate=100000000 rtt=300ms loss=5%,9,7.829,0.078,300.0,601.1,901.0,300.0,601.1,302,8.9,0,9086,1.000,false
grid rate=100000000 rtt=300ms loss=5%,10,8.698,0.087,300.0,1200.4,1503.3,300.0,606.1,270,9.2,0,9000,1.000,false
grid rate=100000000 rtt=300ms loss=5%,11,8.664,0.087,300.0,901.1,1203.3,300.0,644.6,271,695.8,0,9014,1.000,false
grid rate=100000000 rtt=300ms loss=5%,12,8.868,0.089,300.0,902.1,1266.0,300.0,610.8,262,9.3,0,8825,1.000,false
grid rate=100000000 rtt=300ms loss=5%,13,6.398,0.064,300.0,1202.2,1203.0,300.0,1202.2,363,8.9,0,9092,1.000,false
grid rate=100000000 rtt=300ms loss=5%,14,10.940,0.109,300.0,623.2,679.0,300.0,623.2,216,921.8,0,8849,1.000,false
grid rate=100000000 rtt=300ms loss=5%,15,6.851,0.069,300.0,601.4,2170.1,300.0,601.1,348,8.9,0,9003,1.000,false
grid rate=100000000 rtt=300ms loss=5%,16,9.064,0.091,300.0,601.1,1203.0,300.0,601.1,266,8.9,0,9009,1.000,false
grid rate=100000000 rtt=300ms loss=5%,17,10.256,0.103,300.0,608.1,902.2,300.0,601.1,231,8.9,0,9016,1.000,false
grid rate=100000000 rtt=300ms loss=5%,18,7.458,0.075,300.0,887.1,1203.1,300.0,901.1,312,9.0,0,8988,1.000,false
grid rate=100000000 rtt=300ms loss=5%,19,8.961,0.090,300.0,1203.2,1503.1,300.0,1203.2,255,9.3,0,8967,1.000,false
grid rate=100000000 rtt=300ms loss=5%,20,6.953,0.070,300.0,1203.2,1869.0,300.0,1203.2,325,8.9,0,8986,1.000,false
buffer=0.25xBDP rate=10M rtt=100ms,1,8.991,0.899,103.5,124.7,124.8,103.5,113.1,212,30.2,1043,0,1.000,false
buffer=0.25xBDP rate=10M rtt=100ms,2,8.890,0.889,103.5,124.8,124.8,103.5,118.2,213,30.2,1034,0,1.000,false
buffer=0.25xBDP rate=10M rtt=100ms,3,8.890,0.889,103.5,124.8,124.8,103.5,118.2,213,30.2,1034,0,1.000,false
buffer=0.25xBDP rate=10M rtt=100ms,4,8.890,0.889,103.5,124.8,124.8,103.5,118.2,213,30.2,1034,0,1.000,false
buffer=0.25xBDP rate=10M rtt=100ms,5,8.890,0.889,103.5,124.8,124.8,103.5,118.2,213,30.2,1034,0,1.000,false
buffer=0.25xBDP rate=10M rtt=100ms,6,8.991,0.899,103.5,124.7,124.8,103.5,113.1,212,30.2,1043,0,1.000,false
buffer=0.25xBDP rate=10M rtt=100ms,7,8.991,0.899,103.5,124.7,124.8,103.5,113.1,212,30.2,1043,0,1.000,false
buffer=0.25xBDP rate=10M rtt=100ms,8,8.991,0.899,103.5,124.7,124.8,103.5,113.1,212,30.2,1043,0,1.000,false
buffer=0.25xBDP rate=10M rtt=100ms,9,8.890,0.889,103.5,124.8,124.8,103.5,118.2,213,30.2,1034,0,1.000,false
buffer=0.25xBDP rate=10M rtt=100ms,10,8.890,0.889,103.5,124.8,124.8,103.5,118.2,213,30.2,1034,0,1.000,false
buffer=0.25xBDP rate=10M rtt=100ms,11,8.991,0.899,103.5,124.7,124.8,103.5,113.1,212,30.2,1043,0,1.000,false
buffer=0.25xBDP rate=10M rtt=100ms,12,8.991,0.899,103.5,124.7,124.8,103.5,113.1,212,30.2,1043,0,1.000,false
buffer=0.25xBDP rate=10M rtt=100ms,13,8.890,0.889,103.5,124.8,124.8,103.5,118.2,213,30.2,1034,0,1.000,false
buffer=0.25xBDP rate=10M rtt=100ms,14,8.890,0.889,103.5,124.8,124.8,103.5,118.2,213,30.2,1034,0,1.000,false
buffer=0.25xBDP rate=10M rtt=100ms,15,8.890,0.889,103.5,124.8,124.8,103.5,118.2,213,30.2,1034,0,1.000,false
buffer=0.25xBDP rate=10M rtt=100ms,16,8.890,0.889,103.5,124.8,124.8,103.5,118.2,213,30.2,1034,0,1.000,false
buffer=0.25xBDP rate=10M rtt=100ms,17,8.991,0.899,103.5,124.7,124.8,103.5,113.1,212,30.2,1043,0,1.000,false
buffer=0.25xBDP rate=10M rtt=100ms,18,8.890,0.889,103.5,124.8,124.8,103.5,118.2,213,30.2,1034,0,1.000,false
buffer=0.25xBDP rate=10M rtt=100ms,19,8.890,0.889,103.5,124.8,124.8,103.5,118.2,213,30.2,1034,0,1.000,false
buffer=0.25xBDP rate=10M rtt=100ms,20,8.890,0.889,103.5,124.8,124.8,103.5,118.2,213,30.2,1034,0,1.000,false
buffer=4xBDP rate=10M rtt=100ms,1,9.075,0.908,103.5,150.5,155.5,103.5,113.1,209,67.7,0,0,1.000,false
buffer=4xBDP rate=10M rtt=100ms,2,9.075,0.908,103.5,150.5,155.5,103.5,113.1,209,67.7,0,0,1.000,false
buffer=4xBDP rate=10M rtt=100ms,3,9.075,0.908,103.5,150.5,155.5,103.5,113.1,209,67.7,0,0,1.000,false
buffer=4xBDP rate=10M rtt=100ms,4,9.075,0.908,103.5,150.5,155.5,103.5,113.1,209,67.7,0,0,1.000,false
buffer=4xBDP rate=10M rtt=100ms,5,9.075,0.908,103.5,150.5,155.5,103.5,113.1,209,67.7,0,0,1.000,false
buffer=4xBDP rate=10M rtt=100ms,6,9.075,0.908,103.5,150.5,155.5,103.5,113.1,209,67.7,0,0,1.000,false
buffer=4xBDP rate=10M rtt=100ms,7,9.075,0.908,103.5,150.5,155.5,103.5,113.1,209,67.7,0,0,1.000,false
buffer=4xBDP rate=10M rtt=100ms,8,9.075,0.908,103.5,150.5,155.5,103.5,113.1,209,67.7,0,0,1.000,false
buffer=4xBDP rate=10M rtt=100ms,9,9.075,0.908,103.5,150.5,155.5,103.5,113.1,209,67.7,0,0,1.000,false
buffer=4xBDP rate=10M rtt=100ms,10,9.075,0.908,103.5,150.5,155.5,103.5,113.1,209,67.7,0,0,1.000,false
buffer=4xBDP rate=10M rtt=100ms,11,9.075,0.908,103.5,150.5,155.5,103.5,113.1,209,67.7,0,0,1.000,false
buffer=4xBDP rate=10M rtt=100ms,12,9.075,0.908,103.5,150.5,155.5,103.5,113.1,209,67.7,0,0,1.000,false
buffer=4xBDP rate=10M rtt=100ms,13,9.075,0.908,103.5,150.5,155.5,103.5,113.1,209,67.7,0,0,1.000,false
buffer=4xBDP rate=10M rtt=100ms,14,9.075,0.908,103.5,150.5,155.5,103.5,113.1,209,67.7,0,0,1.000,false
buffer=4xBDP rate=10M rtt=100ms,15,9.075,0.908,103.5,150.5,155.5,103.5,113.1,209,67.7,0,0,1.000,false
buffer=4xBDP rate=10M rtt=100ms,16,9.075,0.908,103.5,150.5,155.5,103.5,113.1,209,67.7,0,0,1.000,false
buffer=4xBDP rate=10M rtt=100ms,17,9.075,0.908,103.5,150.5,155.5,103.5,113.1,209,67.7,0,0,1.000,false
buffer=4xBDP rate=10M rtt=100ms,18,9.075,0.908,103.5,150.5,155.5,103.5,113.1,209,67.7,0,0,1.000,false
buffer=4xBDP rate=10M rtt=100ms,19,9.075,0.908,103.5,150.5,155.5,103.5,113.1,209,67.7,0,0,1.000,false
buffer=4xBDP rate=10M rtt=100ms,20,9.075,0.908,103.5,150.5,155.5,103.5,113.1,209,67.7,0,0,1.000,false
buffer=16xBDP rate=10M rtt=100ms,1,9.075,0.908,103.5,150.5,155.5,103.5,113.1,209,67.7,0,0,1.000,false
buffer=16xBDP rate=10M rtt=100ms,2,9.075,0.908,103.5,150.5,155.5,103.5,113.1,209,67.7,0,0,1.000,false
buffer=16xBDP rate=10M rtt=100ms,3,9.075,0.908,103.5,150.5,155.5,103.5,113.1,209,67.7,0,0,1.000,false
buffer=16xBDP rate=10M rtt=100ms,4,9.075,0.908,103.5,150.5,155.5,103.5,113.1,209,67.7,0,0,1.000,false
buffer=16xBDP rate=10M rtt=100ms,5,9.075,0.908,103.5,150.5,155.5,103.5,113.1,209,67.7,0,0,1.000,false
buffer=16xBDP rate=10M rtt=100ms,6,9.075,0.908,103.5,150.5,155.5,103.5,113.1,209,67.7,0,0,1.000,false
buffer=16xBDP rate=10M rtt=100ms,7,9.075,0.908,103.5,150.5,155.5,103.5,113.1,209,67.7,0,0,1.000,false
buffer=16xBDP rate=10M rtt=100ms,8,9.075,0.908,103.5,150.5,155.5,103.5,113.1,209,67.7,0,0,1.000,false
buffer=16xBDP rate=10M rtt=100ms,9,9.075,0.908,103.5,150.5,155.5,103.5,113.1,209,67.7,0,0,1.000,false
buffer=16xBDP rate=10M rtt=100ms,10,9.075,0.908,103.5,150.5,155.5,103.5,113.1,209,67.7,0,0,1.000,false
buffer=16xBDP rate=10M rtt=100ms,11,9.075,0.908,103.5,150.5,155.5,103.5,113.1,209,67.7,0,0,1.000,false
buffer=16xBDP rate=10M rtt=100ms,12,9.075,0.908,103.5,150.5,155.5,103.5,113.1,209,67.7,0,0,1.000,false
buffer=16xBDP rate=10M rtt=100ms,13,9.075,0.908,103.5,150.5,155.5,103.5,113.1,209,67.7,0,0,1.000,false
buffer=16xBDP rate=10M rtt=100ms,14,9.075,0.908,103.5,150.5,155.5,103.5,113.1,209,67.7,0,0,1.000,false
buffer=16xBDP rate=10M rtt=100ms,15,9.075,0.908,103.5,150.5,155.5,103.5,113.1,209,67.7,0,0,1.000,false
buffer=16xBDP rate=10M rtt=100ms,16,9.075,0.908,103.5,150.5,155.5,103.5,113.1,209,67.7,0,0,1.000,false
buffer=16xBDP rate=10M rtt=100ms,17,9.075,0.908,103.5,150.5,155.5,103.5,113.1,209,67.7,0,0,1.000,false
buffer=16xBDP rate=10M rtt=100ms,18,9.075,0.908,103.5,150.5,155.5,103.5,113.1,209,67.7,0,0,1.000,false
buffer=16xBDP rate=10M rtt=100ms,19,9.075,0.908,103.5,150.5,155.5,103.5,113.1,209,67.7,0,0,1.000,false
buffer=16xBDP rate=10M rtt=100ms,20,9.075,0.908,103.5,150.5,155.5,103.5,113.1,209,67.7,0,0,1.000,false
reorder jitter=8ms rate=10M rtt=20ms,1,5.495,0.550,20.7,29.3,30.0,20.8,29.3,1089,8.6,0,0,1.000,false
reorder jitter=8ms rate=10M rtt=20ms,2,5.263,0.526,21.0,29.3,30.9,20.9,29.3,1131,7.0,0,0,1.000,false
reorder jitter=8ms rate=10M rtt=20ms,3,5.407,0.541,21.0,29.2,32.2,21.1,29.3,1101,22.9,1,0,1.000,false
reorder jitter=8ms rate=10M rtt=20ms,4,5.386,0.539,20.6,28.9,31.8,20.6,28.9,1113,8.0,0,0,1.000,false
reorder jitter=8ms rate=10M rtt=20ms,5,5.490,0.549,20.7,29.5,32.9,20.7,29.3,1088,8.7,0,0,1.000,false
reorder jitter=8ms rate=10M rtt=20ms,6,5.338,0.534,20.4,29.7,34.8,20.4,29.8,1127,22.4,2,0,1.000,false
reorder jitter=8ms rate=10M rtt=20ms,7,5.380,0.538,20.8,29.5,31.3,20.8,29.5,1110,7.9,0,0,1.000,false
reorder jitter=8ms rate=10M rtt=20ms,8,5.222,0.522,20.6,29.2,30.0,20.6,29.2,1153,6.9,0,0,1.000,false
reorder jitter=8ms rate=10M rtt=20ms,9,5.430,0.543,20.6,29.5,32.4,20.6,29.5,1103,8.4,0,0,1.000,false
reorder jitter=8ms rate=10M rtt=20ms,10,5.327,0.533,20.8,29.6,31.0,20.8,29.6,1123,8.2,0,0,1.000,false
reorder jitter=8ms rate=10M rtt=20ms,11,5.426,0.543,20.7,29.2,37.8,20.7,29.5,1103,18.7,0,0,1.000,false
reorder jitter=8ms rate=10M rtt=20ms,12,5.531,0.553,20.6,29.1,33.9,20.4,29.5,1086,16.0,0,0,1.000,false
reorder jitter=8ms rate=10M rtt=20ms,13,5.397,0.540,20.8,29.2,30.7,20.7,29.3,1111,15.5,0,0,1.000,false
reorder jitter=8ms rate=10M rtt=20ms,14,5.314,0.531,20.6,29.0,38.1,20.7,29.0,1129,19.4,0,0,1.000,false
reorder jitter=8ms rate=10M rtt=20ms,15,5.459,0.546,20.9,29.4,32.2,20.9,29.4,1093,20.2,0,0,1.000,false
reorder jitter=8ms rate=10M rtt=20ms,16,5.323,0.532,20.5,29.0,31.7,20.4,28.9,1131,11.7,0,0,1.000,false
reorder jitter=8ms rate=10M rtt=20ms,17,5.402,0.540,20.7,29.2,30.7,20.8,29.2,1111,8.1,0,0,1.000,false
reorder jitter=8ms rate=10M rtt=20ms,18,5.314,0.531,20.5,29.3,31.7,20.5,29.3,1130,8.2,0,0,1.000,false
reorder jitter=8ms rate=10M rtt=20ms,19,5.540,0.554,21.1,29.8,31.9,21.1,29.6,1076,11.8,0,0,1.000,false
reorder jitter=8ms rate=10M rtt=20ms,20,5.332,0.533,21.0,29.7,31.6,21.1,29.7,1117,9.1,0,0,1.000,false
burst loss rate=10M rtt=100ms,1,8.889,0.889,104.5,145.8,152.5,104.5,124.7,210,91.8,0,471,1.000,false
burst loss rate=10M rtt=100ms,2,8.932,0.893,104.5,152.5,243.6,104.5,116.1,210,70.7,0,625,1.000,false
burst loss rate=10M rtt=100ms,3,9.073,0.907,104.5,155.5,440.8,104.5,214.2,203,67.7,0,447,1.000,false
burst loss rate=10M rtt=100ms,4,8.248,0.825,104.5,135.2,458.9,104.5,135.2,224,54.1,0,516,1.000,false
burst loss rate=10M rtt=100ms,5,9.041,0.904,104.5,151.5,1547.5,104.5,115.4,197,79.6,0,600,1.000,false
burst loss rate=10M rtt=100ms,6,8.769,0.877,104.5,186.6,541.3,104.5,211.3,208,120.7,3,561,1.000,false
burst loss rate=10M rtt=100ms,7,8.930,0.893,104.5,155.5,490.7,104.5,215.3,206,67.9,0,578,1.000,false
burst loss rate=10M rtt=100ms,8,9.061,0.906,104.5,159.2,883.5,104.4,113.2,200,72.2,0,450,1.000,false
burst loss rate=10M rtt=100ms,9,8.816,0.882,104.5,149.2,151.5,104.5,116.1,214,91.6,0,474,1.000,false
burst loss rate=10M rtt=100ms,10,8.514,0.851,104.5,268.6,435.5,104.5,199.5,198,121.6,1033,555,1.000,false
burst loss rate=10M rtt=100ms,11,8.911,0.891,104.5,444.2,2865.4,104.5,444.2,183,67.7,0,614,1.000,false
burst loss rate=10M rtt=100ms,12,8.881,0.888,104.5,1605.9,2524.9,104.5,225.1,178,118.2,0,670,1.000,false
burst loss rate=10M rtt=100ms,13,8.920,0.892,104.5,151.5,2874.3,104.5,115.1,190,79.5,0,633,1.000,false
burst loss rate=10M rtt=100ms,14,8.717,0.872,104.5,881.3,6880.8,104.5,881.3,191,90.9,0,607,1.000,false
burst loss rate=10M rtt=100ms,15,8.979,0.898,104.5,439.5,2690.2,104.4,117.4,186,71.3,0,547,1.000,false
burst loss rate=10M rtt=100ms,16,8.958,0.896,104.5,1313.3,1569.6,104.5,136.7,188,67.7,0,470,1.000,false
burst loss rate=10M rtt=100ms,17,9.137,0.914,104.5,5321.3,9552.9,104.5,1548.8,117,77.2,0,559,1.000,false
burst loss rate=10M rtt=100ms,18,8.675,0.867,104.5,155.4,975.5,104.5,142.0,206,91.9,0,608,1.000,false
burst loss rate=10M rtt=100ms,19,8.629,0.863,104.5,199.8,877.7,104.5,199.5,196,121.7,1487,761,1.000,false
burst loss rate=10M rtt=100ms,20,8.441,0.844,104.5,199.5,199.5,104.5,199.5,208,121.5,2028,716,1.000,false
step 10M-2M-10M rtt=100ms,1,8.005,0.801,103.5,399.7,594.5,103.5,160.4,223,120.8,19,0,1.000,false
step 10M-2M-10M rtt=100ms,2,8.005,0.801,103.5,399.7,594.5,103.5,160.4,223,120.8,19,0,1.000,false
step 10M-2M-10M rtt=100ms,3,8.005,0.801,103.5,399.7,594.5,103.5,160.4,223,120.8,19,0,1.000,false
step 10M-2M-10M rtt=100ms,4,8.005,0.801,103.5,399.7,594.5,103.5,160.4,223,120.8,19,0,1.000,false
step 10M-2M-10M rtt=100ms,5,8.005,0.801,103.5,399.7,594.5,103.5,160.4,223,120.8,19,0,1.000,false
step 10M-2M-10M rtt=100ms,6,8.005,0.801,103.5,399.7,594.5,103.5,160.4,223,120.8,19,0,1.000,false
step 10M-2M-10M rtt=100ms,7,8.005,0.801,103.5,399.7,594.5,103.5,160.4,223,120.8,19,0,1.000,false
step 10M-2M-10M rtt=100ms,8,8.005,0.801,103.5,399.7,594.5,103.5,160.4,223,120.8,19,0,1.000,false
step 10M-2M-10M rtt=100ms,9,8.005,0.801,103.5,399.7,594.5,103.5,160.4,223,120.8,19,0,1.000,false
step 10M-2M-10M rtt=100ms,10,8.005,0.801,103.5,399.7,594.5,103.5,160.4,223,120.8,19,0,1.000,false
step 10M-2M-10M rtt=100ms,11,8.005,0.801,103.5,399.7,594.5,103.5,160.4,223,120.8,19,0,1.000,false
step 10M-2M-10M rtt=100ms,12,8.005,0.801,103.5,399.7,594.5,103.5,160.4,223,120.8,19,0,1.000,false
step 10M-2M-10M rtt=100ms,13,8.005,0.801,103.5,399.7,594.5,103.5,160.4,223,120.8,19,0,1.000,false
step 10M-2M-10M rtt=100ms,14,8.005,0.801,103.5,399.7,594.5,103.5,160.4,223,120.8,19,0,1.000,false
step 10M-2M-10M rtt=100ms,15,8.005,0.801,103.5,399.7,594.5,103.5,160.4,223,120.8,19,0,1.000,false
step 10M-2M-10M rtt=100ms,16,8.005,0.801,103.5,399.7,594.5,103.5,160.4,223,120.8,19,0,1.000,false
step 10M-2M-10M rtt=100ms,17,8.005,0.801,103.5,399.7,594.5,103.5,160.4,223,120.8,19,0,1.000,false
step 10M-2M-10M rtt=100ms,18,8.005,0.801,103.5,399.7,594.5,103.5,160.4,223,120.8,19,0,1.000,false
step 10M-2M-10M rtt=100ms,19,8.005,0.801,103.5,399.7,594.5,103.5,160.4,223,120.8,19,0,1.000,false
step 10M-2M-10M rtt=100ms,20,8.005,0.801,103.5,399.7,594.5,103.5,160.4,223,120.8,19,0,1.000,false
fair 2 flows rate=10M rtt=50ms,1,4.795,0.479,65.2,99.7,99.7,67.2,99.7,566,60.6,241,0,1.000,false
fair 2 flows rate=10M rtt=50ms,2,4.795,0.479,65.2,99.7,99.7,67.2,99.7,566,60.6,241,0,1.000,false
fair 2 flows rate=10M rtt=50ms,3,4.831,0.483,65.2,99.7,99.7,67.2,99.7,566,60.6,253,0,1.000,false
fair 2 flows rate=10M rtt=50ms,4,4.795,0.479,65.2,99.7,99.7,67.2,99.7,566,60.6,241,0,1.000,false
fair 2 flows rate=10M rtt=50ms,5,4.795,0.479,65.2,99.7,99.7,67.2,99.7,566,60.6,241,0,1.000,false
fair 2 flows rate=10M rtt=50ms,6,4.770,0.477,59.5,99.7,99.7,59.5,99.7,605,60.6,124,0,1.000,false
fair 2 flows rate=10M rtt=50ms,7,4.770,0.477,59.5,99.7,99.7,59.5,99.7,605,60.6,124,0,1.000,false
fair 2 flows rate=10M rtt=50ms,8,4.795,0.479,65.2,99.7,99.7,67.2,99.7,566,60.6,241,0,1.000,false
fair 2 flows rate=10M rtt=50ms,9,4.795,0.479,65.2,99.7,99.7,67.2,99.7,566,60.6,241,0,1.000,false
fair 2 flows rate=10M rtt=50ms,10,4.795,0.479,65.2,99.7,99.7,67.2,99.7,566,60.6,241,0,1.000,false
fair 2 flows rate=10M rtt=50ms,11,4.831,0.483,65.2,99.7,99.7,67.2,99.7,566,60.6,253,0,1.000,false
fair 2 flows rate=10M rtt=50ms,12,4.831,0.483,65.2,99.7,99.7,67.2,99.7,566,60.6,253,0,1.000,false
fair 2 flows rate=10M rtt=50ms,13,4.831,0.483,65.2,99.7,99.7,67.2,99.7,566,60.6,253,0,1.000,false
fair 2 flows rate=10M rtt=50ms,14,4.795,0.479,65.2,99.7,99.7,67.2,99.7,566,60.6,241,0,1.000,false
fair 2 flows rate=10M rtt=50ms,15,4.831,0.483,65.2,99.7,99.7,67.2,99.7,566,60.6,253,0,1.000,false
fair 2 flows rate=10M rtt=50ms,16,4.770,0.477,59.5,99.7,99.7,59.5,99.7,605,60.6,124,0,1.000,false
fair 2 flows rate=10M rtt=50ms,17,4.795,0.479,65.2,99.7,99.7,67.2,99.7,566,60.6,241,0,1.000,false
fair 2 flows rate=10M rtt=50ms,18,4.770,0.477,59.5,99.7,99.7,59.5,99.7,605,60.6,124,0,1.000,false
fair 2 flows rate=10M rtt=50ms,19,4.770,0.477,59.5,99.7,99.7,59.5,99.7,605,60.6,124,0,1.000,false
fair 2 flows rate=10M rtt=50ms,20,4.831,0.483,65.2,99.7,99.7,67.2,99.7,566,60.6,253,0,1.000,false
rtt-fair 2 flows 20ms vs 100ms rate=10M,1,5.119,0.512,27.7,39.5,74.5,27.8,39.5,1180,24.3,9524,0,0.991,false
rtt-fair 2 flows 20ms vs 100ms rate=10M,2,5.114,0.511,27.9,39.5,39.9,27.9,39.5,1121,24.2,7580,0,0.995,false
rtt-fair 2 flows 20ms vs 100ms rate=10M,3,5.262,0.526,27.9,39.5,69.1,27.9,39.5,1196,24.2,10852,0,0.986,false
rtt-fair 2 flows 20ms vs 100ms rate=10M,4,5.511,0.551,28.9,39.4,100.4,28.9,39.4,1133,24.1,6743,0,0.986,false
rtt-fair 2 flows 20ms vs 100ms rate=10M,5,5.477,0.548,31.7,39.4,39.8,31.7,39.4,1091,24.0,5037,0,0.988,false
rtt-fair 2 flows 20ms vs 100ms rate=10M,6,5.119,0.512,27.7,39.5,74.5,27.8,39.5,1180,24.3,9524,0,0.991,false
rtt-fair 2 flows 20ms vs 100ms rate=10M,7,5.119,0.512,27.7,39.5,74.5,27.8,39.5,1180,24.3,9524,0,0.991,false
rtt-fair 2 flows 20ms vs 100ms rate=10M,8,5.477,0.548,31.7,39.4,39.8,31.7,39.4,1091,24.0,5037,0,0.988,false
rtt-fair 2 flows 20ms vs 100ms rate=10M,9,5.119,0.512,27.7,39.5,74.5,27.8,39.5,1180,24.3,9524,0,0.991,false
rtt-fair 2 flows 20ms vs 100ms rate=10M,10,5.477,0.548,31.7,39.4,39.8,31.7,39.4,1091,24.0,5037,0,0.988,false
rtt-fair 2 flows 20ms vs 100ms rate=10M,11,5.119,0.512,27.7,39.5,74.5,27.8,39.5,1180,24.3,9524,0,0.991,false
rtt-fair 2 flows 20ms vs 100ms rate=10M,12,5.119,0.512,27.7,39.5,74.5,27.8,39.5,1180,24.3,9524,0,0.991,false
rtt-fair 2 flows 20ms vs 100ms rate=10M,13,5.511,0.551,28.9,39.4,100.4,28.9,39.4,1133,24.1,6743,0,0.986,false
rtt-fair 2 flows 20ms vs 100ms rate=10M,14,5.511,0.551,28.9,39.4,100.4,28.9,39.4,1133,24.1,6743,0,0.986,false
rtt-fair 2 flows 20ms vs 100ms rate=10M,15,5.511,0.551,28.9,39.4,100.4,28.9,39.4,1133,24.1,6743,0,0.986,false
rtt-fair 2 flows 20ms vs 100ms rate=10M,16,5.119,0.512,27.7,39.5,74.5,27.8,39.5,1180,24.3,9524,0,0.991,false
rtt-fair 2 flows 20ms vs 100ms rate=10M,17,5.477,0.548,31.7,39.4,39.8,31.7,39.4,1091,24.0,5037,0,0.988,false
rtt-fair 2 flows 20ms vs 100ms rate=10M,18,5.511,0.551,28.9,39.4,100.4,28.9,39.4,1133,24.1,6743,0,0.986,false
rtt-fair 2 flows 20ms vs 100ms rate=10M,19,5.114,0.511,27.9,39.5,39.9,27.9,39.5,1121,24.2,7580,0,0.995,false
rtt-fair 2 flows 20ms vs 100ms rate=10M,20,5.511,0.551,28.9,39.4,100.4,28.9,39.4,1133,24.1,6743,0,0.986,false

scenario,mean_steady_p99_ms,worst_steady_p99_ms,mean_capacity_share
buffer=0.25xBDP rate=10M rtt=100ms,116.4,118.2,0.892
buffer=16xBDP rate=10M rtt=100ms,113.1,113.1,0.908
buffer=4xBDP rate=10M rtt=100ms,113.1,113.1,0.908
burst loss rate=10M rtt=100ms,278.5,1548.8,0.883
fair 2 flows rate=10M rtt=50ms,99.7,99.7,0.480
grid rate=1000000 rtt=100ms loss=0,127.6,127.6,0.945
grid rate=1000000 rtt=100ms loss=0.1%,179.6,192.9,0.945
grid rate=1000000 rtt=100ms loss=1%,326.9,374.4,0.934
grid rate=1000000 rtt=100ms loss=5%,503.3,679.3,0.879
grid rate=1000000 rtt=20ms loss=0,33.0,33.0,0.670
grid rate=1000000 rtt=20ms loss=0.1%,39.7,39.7,0.859
grid rate=1000000 rtt=20ms loss=1%,126.0,192.9,0.869
grid rate=1000000 rtt=20ms loss=5%,843.4,1728.8,0.794
grid rate=1000000 rtt=300ms loss=0,355.3,355.3,0.947
grid rate=1000000 rtt=300ms loss=0.1%,451.2,575.8,0.941
grid rate=1000000 rtt=300ms loss=1%,714.7,873.2,0.930
grid rate=1000000 rtt=300ms loss=5%,1077.2,1403.1,0.880
grid rate=10000000 rtt=100ms loss=0,113.1,113.1,0.908
grid rate=10000000 rtt=100ms loss=0.1%,118.3,211.4,0.913
grid rate=10000000 rtt=100ms loss=1%,204.1,232.9,0.894
grid rate=10000000 rtt=100ms loss=5%,387.2,776.3,0.743
grid rate=10000000 rtt=20ms loss=0,25.0,25.0,0.946
grid rate=10000000 rtt=20ms loss=0.1%,26.1,35.5,0.945
grid rate=10000000 rtt=20ms loss=1%,49.9,54.3,0.933
grid rate=10000000 rtt=20ms loss=5%,80.8,110.9,0.872
grid rate=10000000 rtt=300ms loss=0,309.7,309.7,0.864
grid rate=10000000 rtt=300ms loss=0.1%,451.6,1409.0,0.832
grid rate=10000000 rtt=300ms loss=1%,596.9,751.0,0.735
grid rate=10000000 rtt=300ms loss=5%,928.9,1219.7,0.438
grid rate=100000000 rtt=100ms loss=0,101.1,101.1,0.795
grid rate=100000000 rtt=100ms loss=0.1%,153.4,234.0,0.726
grid rate=100000000 rtt=100ms loss=1%,227.8,315.8,0.569
grid rate=100000000 rtt=100ms loss=5%,327.5,538.8,0.237
grid rate=100000000 rtt=20ms loss=0,20.6,20.9,0.872
grid rate=100000000 rtt=20ms loss=0.1%,24.2,40.0,0.870
grid rate=100000000 rtt=20ms loss=1%,36.5,42.0,0.883
grid rate=100000000 rtt=20ms loss=5%,75.9,110.9,0.680
grid rate=100000000 rtt=300ms loss=0,499.9,499.9,0.496
grid rate=100000000 rtt=300ms loss=0.1%,451.7,600.0,0.476
grid rate=100000000 rtt=300ms loss=1%,647.8,1262.6,0.293
grid rate=100000000 rtt=300ms loss=5%,804.8,1203.2,0.086
grid rate=64000 rtt=100ms loss=0,388.1,388.1,0.869
grid rate=64000 rtt=100ms loss=0.1%,432.9,630.8,0.850
grid rate=64000 rtt=100ms loss=1%,722.4,803.9,0.838
grid rate=64000 rtt=100ms loss=5%,3042.6,4931.2,0.746
grid rate=64000 rtt=20ms loss=0,620.4,620.4,0.921
grid rate=64000 rtt=20ms loss=0.1%,614.9,690.2,0.921
grid rate=64000 rtt=20ms loss=1%,796.7,1284.8,0.907
grid rate=64000 rtt=20ms loss=5%,6925.2,12992.7,0.838
grid rate=64000 rtt=300ms loss=0,502.6,502.6,0.704
grid rate=64000 rtt=300ms loss=0.1%,795.6,1210.2,0.882
grid rate=64000 rtt=300ms loss=1%,1244.9,1354.8,0.869
grid rate=64000 rtt=300ms loss=5%,2170.8,3041.5,0.777
reorder jitter=8ms rate=10M rtt=20ms,29.4,29.8,0.539
rtt-fair 2 flows 20ms vs 100ms rate=10M,39.5,39.5,0.531
step 10M-2M-10M rtt=100ms,160.4,160.4,0.801

failures: none
